variable,table,category,status,source,notes
StudyID,r0_questionnaire,general_information,converted,BaselineMetadata.xlsx Questions sheet,primary key; pattern ^[0-9]{6}$
R0_AcneMedsPrescribed,r0_questionnaire,,pending,BaselineMetadata.xlsx Questions sheet,Medical history: drugs and suppliments
R0_AcneMedsStartAge,r0_questionnaire,,pending,BaselineMetadata.xlsx Questions sheet,Medical history: drugs and suppliments
R0_ActiveHouseworkDays,r0_questionnaire,,pending,BaselineMetadata.xlsx Questions sheet,Physical Activity
R0_ActiveHouseworkHours,r0_questionnaire,,pending,BaselineMetadata.xlsx Questions sheet,Physical Activity
R0_ActiveHouseworkMinutes,r0_questionnaire,,pending,BaselineMetadata.xlsx Questions sheet,Physical Activity
R0_AddrChanged,r0_questionnaire,general_information,converted,BaselineMetadata.xlsx Questions sheet,General Information
R0_AddressLineFour,r0_questionnaire,general_information,converted,BaselineMetadata.xlsx Questions sheet,General Information
R0_AddressLineOne,r0_questionnaire,general_information,converted,BaselineMetadata.xlsx Questions sheet,General Information
R0_AddressLineThree,r0_questionnaire,general_information,converted,BaselineMetadata.xlsx Questions sheet,General Information
R0_AddressLineTwo,r0_questionnaire,general_information,converted,BaselineMetadata.xlsx Questions sheet,General Information
R0_AgeAtDiagnosis1,r0_questionnaire,,pending,BaselineMetadata.xlsx Questions sheet,Breast Cancer
R0_AgeAtDiagnosis2,r0_questionnaire,,pending,BaselineMetadata.xlsx Questions sheet,Breast Cancer
R0_AgeAtDiagnosis3,r0_questionnaire,,pending,BaselineMetadata.xlsx Questions sheet,Breast Cancer
R0_AgeBreastDev,r0_questionnaire,,pending,BaselineMetadata.xlsx Questions sheet,Physical Development
R0_AgeBreastDev_Unkn,r0_questionnaire,,pending,BaselineMetadata.xlsx Questions sheet,Physical Development
R0_AgeMeas1,r0_questionnaire,,pending,BaselineMetadata.xlsx Questions sheet,Physical Development
R0_AgeMeas2,r0_questionnaire,,pending,BaselineMetadata.xlsx Questions sheet,Physical Development
R0_AgeMeas_From1,r0_questionnaire,,pending,BaselineMetadata.xlsx Questions sheet,Physical Development
R0_AgeMeas_From2,r0_questionnaire,,pending,BaselineMetadata.xlsx Questions sheet,Physical Development
R0_AgeMeas_To1,r0_questionnaire,,pending,BaselineMetadata.xlsx Questions sheet,Physical Development
R0_AgeMeas_To2,r0_questionnaire,,pending,BaselineMetadata.xlsx Questions sheet,Physical Development
R0_AirborneHoursMonth,r0_questionnaire,,pending,BaselineMetadata.xlsx Questions sheet,Other Lifestyle Factors
R0_AirborneHoursWeek,r0_questionnaire,,pending,BaselineMetadata.xlsx Questions sheet,Other Lifestyle Factors
R0_AircrewTravelCurrent,r0_questionnaire,,pending,BaselineMetadata.xlsx Questions sheet,Other Lifestyle Factors
R0_AircrewTravelEndYear,r0_questionnaire,,pending,BaselineMetadata.xlsx Questions sheet,Other Lifestyle Factors
R0_AircrewTravelHistory,r0_questionnaire,,pending,BaselineMetadata.xlsx Questions sheet,Other Lifestyle Factors
R0_AircrewTravelStartYear,r0_questionnaire,,pending,BaselineMetadata.xlsx Questions sheet,Other Lifestyle Factors
R0_AlcoholBeer,r0_questionnaire,,pending,BaselineMetadata.xlsx Questions sheet,"Alcohol, Smoking, and Diet"
R0_AlcoholCurrentUse,r0_questionnaire,,pending,BaselineMetadata.xlsx Questions sheet,"Alcohol, Smoking, and Diet"
R0_AlcoholDaysRecentWeek,r0_questionnaire,,pending,BaselineMetadata.xlsx Questions sheet,"Alcohol, Smoking, and Diet"
R0_AlcoholLiqueur,r0_questionnaire,,pending,BaselineMetadata.xlsx Questions sheet,"Alcohol, Smoking, and Diet"
R0_AlcoholRedWine,r0_questionnaire,,pending,BaselineMetadata.xlsx Questions sheet,"Alcohol, Smoking, and Diet"
R0_AlcoholRegularUse,r0_questionnaire,,pending,BaselineMetadata.xlsx Questions sheet,"Alcohol, Smoking, and Diet"
R0_AlcoholStartAge,r0_questionnaire,,pending,BaselineMetadata.xlsx Questions sheet,"Alcohol, Smoking, and Diet"
R0_AlcoholStopAge,r0_questionnaire,,pending,BaselineMetadata.xlsx Questions sheet,"Alcohol, Smoking, and Diet"
R0_AlcoholTypeOther,r0_questionnaire,,pending,BaselineMetadata.xlsx Questions sheet,"Alcohol, Smoking, and Diet"
R0_AlcoholWhiteWine,r0_questionnaire,,pending,BaselineMetadata.xlsx Questions sheet,"Alcohol, Smoking, and Diet"
R0_AntibioticsDays,r0_questionnaire,,pending,BaselineMetadata.xlsx Questions sheet,Medical history: drugs and suppliments
R0_AntibioticsRecentUse,r0_questionnaire,,pending,BaselineMetadata.xlsx Questions sheet,Medical history: drugs and suppliments
R0_AntiperspirantDeodorantUse,r0_questionnaire,,pending,BaselineMetadata.xlsx Questions sheet,Other Lifestyle Factors
R0_ArmSpan_Cm,r0_questionnaire,,pending,BaselineMetadata.xlsx Questions sheet,Physical Development
R0_ArmSpan_Ft,r0_questionnaire,,pending,BaselineMetadata.xlsx Questions sheet,Physical Development
R0_ArmSpan_In,r0_questionnaire,,pending,BaselineMetadata.xlsx Questions sheet,Physical Development
R0_ArmSpan_NotPractical,r0_questionnaire,,pending,BaselineMetadata.xlsx Questions sheet,Physical Development
R0_AspirinDays,r0_questionnaire,,pending,BaselineMetadata.xlsx Questions sheet,Medical history: drugs and suppliments
R0_AspirinEndAgeEp,r0_questionnaire,,pending,BaselineMetadata.xlsx Questions sheet,Medical history: drugs and suppliments
R0_AspirinEndMnth,r0_questionnaire,,pending,BaselineMetadata.xlsx Questions sheet,Medical history: drugs and suppliments
R0_AspirinEndYr,r0_questionnaire,,pending,BaselineMetadata.xlsx Questions sheet,Medical history: drugs and suppliments
R0_AspirinMoreEpisodes,r0_questionnaire,,pending,BaselineMetadata.xlsx Questions sheet,Medical history: drugs and suppliments
R0_AspirinOngoingEp,r0_questionnaire,,pending,BaselineMetadata.xlsx Questions sheet,Medical history: drugs and suppliments
R0_AspirinRecentUse,r0_questionnaire,,pending,BaselineMetadata.xlsx Questions sheet,Medical history: drugs and suppliments
R0_AspirinRegularEp,r0_questionnaire,,pending,BaselineMetadata.xlsx Questions sheet,Medical history: drugs and suppliments
R0_AspirinStartAgeEp,r0_questionnaire,,pending,BaselineMetadata.xlsx Questions sheet,Medical history: drugs and suppliments
R0_AspirinStartMnth,r0_questionnaire,,pending,BaselineMetadata.xlsx Questions sheet,Medical history: drugs and suppliments
R0_AspirinStartYr,r0_questionnaire,,pending,BaselineMetadata.xlsx Questions sheet,Medical history: drugs and suppliments
R0_BBD_Abnormality,r0_questionnaire,,pending,BaselineMetadata.xlsx Questions sheet,Breast Disease
R0_BBD_Age1,r0_questionnaire,,pending,BaselineMetadata.xlsx Questions sheet,Breast Disease
R0_BBD_Age2,r0_questionnaire,,pending,BaselineMetadata.xlsx Questions sheet,Breast Disease
R0_BBD_Biopsy2,r0_questionnaire,,pending,BaselineMetadata.xlsx Questions sheet,Breast Disease
R0_BBD_Biopsy3,r0_questionnaire,,pending,BaselineMetadata.xlsx Questions sheet,Breast Disease
R0_BBD_Biopsy4,r0_questionnaire,,pending,BaselineMetadata.xlsx Questions sheet,Breast Disease
R0_BBD_BothRem2,r0_questionnaire,,pending,BaselineMetadata.xlsx Questions sheet,Breast Disease
R0_BBD_BothRem3,r0_questionnaire,,pending,BaselineMetadata.xlsx Questions sheet,Breast Disease
R0_BBD_BothRem4,r0_questionnaire,,pending,BaselineMetadata.xlsx Questions sheet,Breast Disease
R0_BBD_Breast1,r0_questionnaire,,pending,BaselineMetadata.xlsx Questions sheet,Breast Disease
R0_BBD_Breast2,r0_questionnaire,,pending,BaselineMetadata.xlsx Questions sheet,Breast Disease
R0_BBD_Breast3,r0_questionnaire,,pending,BaselineMetadata.xlsx Questions sheet,Breast Disease
R0_BBD_Breast4,r0_questionnaire,,pending,BaselineMetadata.xlsx Questions sheet,Breast Disease
R0_BBD_FromAge2,r0_questionnaire,,pending,BaselineMetadata.xlsx Questions sheet,Breast Disease
R0_BBD_FromAge3,r0_questionnaire,,pending,BaselineMetadata.xlsx Questions sheet,Breast Disease
R0_BBD_FromAge4,r0_questionnaire,,pending,BaselineMetadata.xlsx Questions sheet,Breast Disease
R0_BBD_FromMnth2,r0_questionnaire,,pending,BaselineMetadata.xlsx Questions sheet,Breast Disease
R0_BBD_FromMnth3,r0_questionnaire,,pending,BaselineMetadata.xlsx Questions sheet,Breast Disease
R0_BBD_FromMnth4,r0_questionnaire,,pending,BaselineMetadata.xlsx Questions sheet,Breast Disease
R0_BBD_FromYr2,r0_questionnaire,,pending,BaselineMetadata.xlsx Questions sheet,Breast Disease
R0_BBD_FromYr3,r0_questionnaire,,pending,BaselineMetadata.xlsx Questions sheet,Breast Disease
R0_BBD_FromYr4,r0_questionnaire,,pending,BaselineMetadata.xlsx Questions sheet,Breast Disease
R0_BBD_Further,r0_questionnaire,,pending,BaselineMetadata.xlsx Questions sheet,Breast Disease
R0_BBD_HospitalSurgery1,r0_questionnaire,,pending,BaselineMetadata.xlsx Questions sheet,Breast Disease
R0_BBD_HospitalSurgery2,r0_questionnaire,,pending,BaselineMetadata.xlsx Questions sheet,Breast Disease
R0_BBD_HospitalSurgery3,r0_questionnaire,,pending,BaselineMetadata.xlsx Questions sheet,Breast Disease
R0_BBD_HospitalSurgery4,r0_questionnaire,,pending,BaselineMetadata.xlsx Questions sheet,Breast Disease
R0_BBD_Lump2,r0_questionnaire,,pending,BaselineMetadata.xlsx Questions sheet,Breast Disease
R0_BBD_Lump3,r0_questionnaire,,pending,BaselineMetadata.xlsx Questions sheet,Breast Disease
R0_BBD_Lump4,r0_questionnaire,,pending,BaselineMetadata.xlsx Questions sheet,Breast Disease
R0_BBD_Mastec2,r0_questionnaire,,pending,BaselineMetadata.xlsx Questions sheet,Breast Disease
R0_BBD_Mastec3,r0_questionnaire,,pending,BaselineMetadata.xlsx Questions sheet,Breast Disease
R0_BBD_Mastec4,r0_questionnaire,,pending,BaselineMetadata.xlsx Questions sheet,Breast Disease
R0_BBD_Month2,r0_questionnaire,,pending,BaselineMetadata.xlsx Questions sheet,Breast Disease
R0_BBD_Month3,r0_questionnaire,,pending,BaselineMetadata.xlsx Questions sheet,Breast Disease
R0_BBD_Month4,r0_questionnaire,,pending,BaselineMetadata.xlsx Questions sheet,Breast Disease
R0_BBD_MoreRangeTime,r0_questionnaire,,pending,BaselineMetadata.xlsx Questions sheet,Breast Disease
R0_BBD_MoreThan4,r0_questionnaire,,pending,BaselineMetadata.xlsx Questions sheet,Breast Disease
R0_BBD_Other2,r0_questionnaire,,pending,BaselineMetadata.xlsx Questions sheet,Breast Disease
R0_BBD_Other3,r0_questionnaire,,pending,BaselineMetadata.xlsx Questions sheet,Breast Disease
R0_BBD_Other4,r0_questionnaire,,pending,BaselineMetadata.xlsx Questions sheet,Breast Disease
R0_BBD_OtherType1,r0_questionnaire,,pending,BaselineMetadata.xlsx Questions sheet,Breast Disease
R0_BBD_OtherType2,r0_questionnaire,,pending,BaselineMetadata.xlsx Questions sheet,Breast Disease
R0_BBD_OtherType3,r0_questionnaire,,pending,BaselineMetadata.xlsx Questions sheet,Breast Disease
R0_BBD_OtherType4,r0_questionnaire,,pending,BaselineMetadata.xlsx Questions sheet,Breast Disease
R0_BBD_ProcedureType1,r0_questionnaire,,pending,BaselineMetadata.xlsx Questions sheet,Breast Disease
R0_BBD_ProcedureType2,r0_questionnaire,,pending,BaselineMetadata.xlsx Questions sheet,Breast Disease
R0_BBD_ProcedureType3,r0_questionnaire,,pending,BaselineMetadata.xlsx Questions sheet,Breast Disease
R0_BBD_ProcedureType4,r0_questionnaire,,pending,BaselineMetadata.xlsx Questions sheet,Breast Disease
R0_BBD_Surgery1,r0_questionnaire,,pending,BaselineMetadata.xlsx Questions sheet,Breast Disease
R0_BBD_Surgery2,r0_questionnaire,,pending,BaselineMetadata.xlsx Questions sheet,Breast Disease
R0_BBD_Surgery3,r0_questionnaire,,pending,BaselineMetadata.xlsx Questions sheet,Breast Disease
R0_BBD_Surgery4,r0_questionnaire,,pending,BaselineMetadata.xlsx Questions sheet,Breast Disease
R0_BBD_ToAge2,r0_questionnaire,,pending,BaselineMetadata.xlsx Questions sheet,Breast Disease
R0_BBD_ToAge3,r0_questionnaire,,pending,BaselineMetadata.xlsx Questions sheet,Breast Disease
R0_BBD_ToAge4,r0_questionnaire,,pending,BaselineMetadata.xlsx Questions sheet,Breast Disease
R0_BBD_ToMnth2,r0_questionnaire,,pending,BaselineMetadata.xlsx Questions sheet,Breast Disease
R0_BBD_ToMnth3,r0_questionnaire,,pending,BaselineMetadata.xlsx Questions sheet,Breast Disease
R0_BBD_ToMnth4,r0_questionnaire,,pending,BaselineMetadata.xlsx Questions sheet,Breast Disease
R0_BBD_ToYr2,r0_questionnaire,,pending,BaselineMetadata.xlsx Questions sheet,Breast Disease
R0_BBD_ToYr3,r0_questionnaire,,pending,BaselineMetadata.xlsx Questions sheet,Breast Disease
R0_BBD_ToYr4,r0_questionnaire,,pending,BaselineMetadata.xlsx Questions sheet,Breast Disease
R0_BBD_TownSurgery1,r0_questionnaire,,pending,BaselineMetadata.xlsx Questions sheet,Breast Disease
R0_BBD_TownSurgery2,r0_questionnaire,,pending,BaselineMetadata.xlsx Questions sheet,Breast Disease
R0_BBD_TownSurgery3,r0_questionnaire,,pending,BaselineMetadata.xlsx Questions sheet,Breast Disease
R0_BBD_TownSurgery4,r0_questionnaire,,pending,BaselineMetadata.xlsx Questions sheet,Breast Disease
R0_BBD_Type1,r0_questionnaire,,pending,BaselineMetadata.xlsx Questions sheet,Breast Disease
R0_BBD_Type2,r0_questionnaire,,pending,BaselineMetadata.xlsx Questions sheet,Breast Disease
R0_BBD_Type3,r0_questionnaire,,pending,BaselineMetadata.xlsx Questions sheet,Breast Disease
R0_BBD_Type4,r0_questionnaire,,pending,BaselineMetadata.xlsx Questions sheet,Breast Disease
R0_BBD_Yr2,r0_questionnaire,,pending,BaselineMetadata.xlsx Questions sheet,Breast Disease
R0_BBD_Yr3,r0_questionnaire,,pending,BaselineMetadata.xlsx Questions sheet,Breast Disease
R0_BBD_Yr4,r0_questionnaire,,pending,BaselineMetadata.xlsx Questions sheet,Breast Disease
R0_BBD__Age3,r0_questionnaire,,pending,BaselineMetadata.xlsx Questions sheet,Breast Disease
R0_BBD__Age4,r0_questionnaire,,pending,BaselineMetadata.xlsx Questions sheet,Breast Disease
R0_BC1DrugRegimen1Name,r0_questionnaire,,pending,BaselineMetadata.xlsx Questions sheet,Breast Cancer
R0_BC1DrugRegimen1StartMonth,r0_questionnaire,,pending,BaselineMetadata.xlsx Questions sheet,Breast Cancer
R0_BC1DrugRegimen1StartYear,r0_questionnaire,,pending,BaselineMetadata.xlsx Questions sheet,Breast Cancer
R0_BC1DrugRegimen1StopMonth,r0_questionnaire,,pending,BaselineMetadata.xlsx Questions sheet,Breast Cancer
R0_BC1DrugRegimen1StopYear,r0_questionnaire,,pending,BaselineMetadata.xlsx Questions sheet,Breast Cancer
R0_BC1DrugRegimen2Name,r0_questionnaire,,pending,BaselineMetadata.xlsx Questions sheet,Breast Cancer
R0_BC1DrugRegimen2StartMonth,r0_questionnaire,,pending,BaselineMetadata.xlsx Questions sheet,Breast Cancer
R0_BC1DrugRegimen2StartYear,r0_questionnaire,,pending,BaselineMetadata.xlsx Questions sheet,Breast Cancer
R0_BC1DrugRegimen2StopMonth,r0_questionnaire,,pending,BaselineMetadata.xlsx Questions sheet,Breast Cancer
R0_BC1DrugRegimen2StopYear,r0_questionnaire,,pending,BaselineMetadata.xlsx Questions sheet,Breast Cancer
R0_BC1DrugRegimen3Name,r0_questionnaire,,pending,BaselineMetadata.xlsx Questions sheet,Breast Cancer
R0_BC1DrugRegimen3Ongoing,r0_questionnaire,,pending,BaselineMetadata.xlsx Questions sheet,Breast Cancer
R0_BC1DrugRegimen3StartMonth,r0_questionnaire,,pending,BaselineMetadata.xlsx Questions sheet,Breast Cancer
R0_BC1DrugRegimen3StartYear,r0_questionnaire,,pending,BaselineMetadata.xlsx Questions sheet,Breast Cancer
R0_BC1DrugRegimen3StopMonth,r0_questionnaire,,pending,BaselineMetadata.xlsx Questions sheet,Breast Cancer
R0_BC1DrugRegimen3StopYear,r0_questionnaire,,pending,BaselineMetadata.xlsx Questions sheet,Breast Cancer
R0_BC1DrugRegimen4Name,r0_questionnaire,,pending,BaselineMetadata.xlsx Questions sheet,Breast Cancer
R0_BC1DrugRegimen4Ongoing,r0_questionnaire,,pending,BaselineMetadata.xlsx Questions sheet,Breast Cancer
R0_BC1DrugRegimen4StartMonth,r0_questionnaire,,pending,BaselineMetadata.xlsx Questions sheet,Breast Cancer
R0_BC1DrugRegimen4StartYear,r0_questionnaire,,pending,BaselineMetadata.xlsx Questions sheet,Breast Cancer
R0_BC1DrugRegimen4StopMonth,r0_questionnaire,,pending,BaselineMetadata.xlsx Questions sheet,Breast Cancer
R0_BC1DrugRegimen4StopYear,r0_questionnaire,,pending,BaselineMetadata.xlsx Questions sheet,Breast Cancer
R0_BC1DrugRegimen5Name,r0_questionnaire,,pending,BaselineMetadata.xlsx Questions sheet,Breast Cancer
R0_BC1DrugRegimen5Ongoing,r0_questionnaire,,pending,BaselineMetadata.xlsx Questions sheet,Breast Cancer
R0_BC1DrugRegimen5StartMonth,r0_questionnaire,,pending,BaselineMetadata.xlsx Questions sheet,Breast Cancer
R0_BC1DrugRegimen5StartYear,r0_questionnaire,,pending,BaselineMetadata.xlsx Questions sheet,Breast Cancer
R0_BC1DrugRegimen5StopMonth,r0_questionnaire,,pending,BaselineMetadata.xlsx Questions sheet,Breast Cancer
R0_BC1DrugRegimen5StopYear,r0_questionnaire,,pending,BaselineMetadata.xlsx Questions sheet,Breast Cancer
R0_BC1DrugRegimen6Name,r0_questionnaire,,pending,BaselineMetadata.xlsx Questions sheet,Breast Cancer
R0_BC1DrugRegimen6Ongoing,r0_questionnaire,,pending,BaselineMetadata.xlsx Questions sheet,Breast Cancer
R0_BC1DrugRegimen6StartMonth,r0_questionnaire,,pending,BaselineMetadata.xlsx Questions sheet,Breast Cancer
R0_BC1DrugRegimen6StartYear,r0_questionnaire,,pending,BaselineMetadata.xlsx Questions sheet,Breast Cancer
R0_BC1DrugRegimen6StopMonth,r0_questionnaire,,pending,BaselineMetadata.xlsx Questions sheet,Breast Cancer
R0_BC1DrugRegimen6StopYear,r0_questionnaire,,pending,BaselineMetadata.xlsx Questions sheet,Breast Cancer
R0_BC1DrugTherapyHospital1,r0_questionnaire,,pending,BaselineMetadata.xlsx Questions sheet,Breast Cancer
R0_BC1DrugTherapyHospital2,r0_questionnaire,,pending,BaselineMetadata.xlsx Questions sheet,Breast Cancer
R0_BC1DrugTherapyHospital3,r0_questionnaire,,pending,BaselineMetadata.xlsx Questions sheet,Breast Cancer
R0_BC1DrugTherapyHospital4,r0_questionnaire,,pending,BaselineMetadata.xlsx Questions sheet,Breast Cancer
R0_BC1DrugTherapyHospital5,r0_questionnaire,,pending,BaselineMetadata.xlsx Questions sheet,Breast Cancer
R0_BC1DrugTherapyHospital6,r0_questionnaire,,pending,BaselineMetadata.xlsx Questions sheet,Breast Cancer
R0_BC1DrugTherapyTown1,r0_questionnaire,,pending,BaselineMetadata.xlsx Questions sheet,Breast Cancer
R0_BC1DrugTherapyTown2,r0_questionnaire,,pending,BaselineMetadata.xlsx Questions sheet,Breast Cancer
R0_BC1DrugTherapyTown3,r0_questionnaire,,pending,BaselineMetadata.xlsx Questions sheet,Breast Cancer
R0_BC1DrugTherapyTown4,r0_questionnaire,,pending,BaselineMetadata.xlsx Questions sheet,Breast Cancer
R0_BC1DrugTherapyTown5,r0_questionnaire,,pending,BaselineMetadata.xlsx Questions sheet,Breast Cancer
R0_BC1DrugTherapyTown6,r0_questionnaire,,pending,BaselineMetadata.xlsx Questions sheet,Breast Cancer
R0_BC1DrugTreatmentReceived1,r0_questionnaire,,pending,BaselineMetadata.xlsx Questions sheet,Breast Cancer
R0_BC2DrugRegimen1Name,r0_questionnaire,,pending,BaselineMetadata.xlsx Questions sheet,Breast Cancer
R0_BC2DrugRegimen1Ongoing,r0_questionnaire,,pending,BaselineMetadata.xlsx Questions sheet,Breast Cancer
R0_BC2DrugRegimen1StartMonth,r0_questionnaire,,pending,BaselineMetadata.xlsx Questions sheet,Breast Cancer
R0_BC2DrugRegimen1StartYear,r0_questionnaire,,pending,BaselineMetadata.xlsx Questions sheet,Breast Cancer
R0_BC2DrugRegimen1StopMonth,r0_questionnaire,,pending,BaselineMetadata.xlsx Questions sheet,Breast Cancer
R0_BC2DrugRegimen1StopYear,r0_questionnaire,,pending,BaselineMetadata.xlsx Questions sheet,Breast Cancer
R0_BC2DrugRegimen2Name,r0_questionnaire,,pending,BaselineMetadata.xlsx Questions sheet,Breast Cancer
R0_BC2DrugRegimen2Ongoing,r0_questionnaire,,pending,BaselineMetadata.xlsx Questions sheet,Breast Cancer
R0_BC2DrugRegimen2StartMonth,r0_questionnaire,,pending,BaselineMetadata.xlsx Questions sheet,Breast Cancer
R0_BC2DrugRegimen2StartYear,r0_questionnaire,,pending,BaselineMetadata.xlsx Questions sheet,Breast Cancer
R0_BC2DrugRegimen2StopMonth,r0_questionnaire,,pending,BaselineMetadata.xlsx Questions sheet,Breast Cancer
R0_BC2DrugRegimen2StopYear,r0_questionnaire,,pending,BaselineMetadata.xlsx Questions sheet,Breast Cancer
R0_BC2DrugTherapyHospital1,r0_questionnaire,,pending,BaselineMetadata.xlsx Questions sheet,Breast Cancer
R0_BC2DrugTherapyTown1,r0_questionnaire,,pending,BaselineMetadata.xlsx Questions sheet,Breast Cancer
R0_BC2DrugTreatmentReceived1,r0_questionnaire,,pending,BaselineMetadata.xlsx Questions sheet,Breast Cancer
R0_BC3DrugRegimen1Name,r0_questionnaire,,pending,BaselineMetadata.xlsx Questions sheet,Breast Cancer
R0_BC3DrugRegimen1Ongoing,r0_questionnaire,,pending,BaselineMetadata.xlsx Questions sheet,Breast Cancer
R0_BC3DrugRegimen1StartMonth,r0_questionnaire,,pending,BaselineMetadata.xlsx Questions sheet,Breast Cancer
R0_BC3DrugRegimen1StartYear,r0_questionnaire,,pending,BaselineMetadata.xlsx Questions sheet,Breast Cancer
R0_BC3DrugRegimen1StopMonth,r0_questionnaire,,pending,BaselineMetadata.xlsx Questions sheet,Breast Cancer
R0_BC3DrugRegimen1StopYear,r0_questionnaire,,pending,BaselineMetadata.xlsx Questions sheet,Breast Cancer
R0_BC3DrugRegimen2Name,r0_questionnaire,,pending,BaselineMetadata.xlsx Questions sheet,Breast Cancer
R0_BC3DrugRegimen2Ongoing,r0_questionnaire,,pending,BaselineMetadata.xlsx Questions sheet,Breast Cancer
R0_BC3DrugRegimen2StartMonth,r0_questionnaire,,pending,BaselineMetadata.xlsx Questions sheet,Breast Cancer
R0_BC3DrugRegimen2StartYear,r0_questionnaire,,pending,BaselineMetadata.xlsx Questions sheet,Breast Cancer
R0_BC3DrugRegimen2StopMonth,r0_questionnaire,,pending,BaselineMetadata.xlsx Questions sheet,Breast Cancer
R0_BC3DrugRegimen2StopYear,r0_questionnaire,,pending,BaselineMetadata.xlsx Questions sheet,Breast Cancer
R0_BC3DrugTherapyHospital1,r0_questionnaire,,pending,BaselineMetadata.xlsx Questions sheet,Breast Cancer
R0_BC3DrugTherapyTown1,r0_questionnaire,,pending,BaselineMetadata.xlsx Questions sheet,Breast Cancer
R0_BC3DrugTreatmentReceived1,r0_questionnaire,,pending,BaselineMetadata.xlsx Questions sheet,Breast Cancer
R0_BariumSwallowXray,r0_questionnaire,,pending,BaselineMetadata.xlsx Questions sheet,X-rays
R0_BiologicalParentsUnknown,r0_questionnaire,,pending,BaselineMetadata.xlsx Questions sheet,Relatives
R0_BirthExpEarlyLate,r0_questionnaire,,pending,BaselineMetadata.xlsx Questions sheet,Birth Details
R0_BirthPlace_Other,r0_questionnaire,,pending,BaselineMetadata.xlsx Questions sheet,Birth Details
R0_BirthWght_Cat,r0_questionnaire,,pending,BaselineMetadata.xlsx Questions sheet,Birth Details
R0_Birth_MedAbnorm,r0_questionnaire,,pending,BaselineMetadata.xlsx Questions sheet,Birth Details
R0_Blind,r0_questionnaire,,pending,BaselineMetadata.xlsx Questions sheet,Medical history: illnesses
R0_BornHosp_Other,r0_questionnaire,,pending,BaselineMetadata.xlsx Questions sheet,Birth Details
R0_BraCupSize,r0_questionnaire,,pending,BaselineMetadata.xlsx Questions sheet,Physical Development
R0_BraCupSize_20,r0_questionnaire,,pending,BaselineMetadata.xlsx Questions sheet,Physical Development
R0_BraCupSize_20Other,r0_questionnaire,,pending,BaselineMetadata.xlsx Questions sheet,Physical Development
R0_BraCupSize_Other,r0_questionnaire,,pending,BaselineMetadata.xlsx Questions sheet,Physical Development
R0_BreastAffected,r0_questionnaire,,pending,BaselineMetadata.xlsx Questions sheet,Breast Disease
R0_BreastCancer1,r0_questionnaire,,pending,BaselineMetadata.xlsx Questions sheet,Breast Cancer
R0_BreastCancer2,r0_questionnaire,,pending,BaselineMetadata.xlsx Questions sheet,Breast Cancer
R0_BreastCancer3,r0_questionnaire,,pending,BaselineMetadata.xlsx Questions sheet,Breast Cancer
R0_BreastCancerMotherSister,r0_questionnaire,,pending,BaselineMetadata.xlsx Questions sheet,Cancer in family
R0_BreastCancerRelative,r0_questionnaire,,pending,BaselineMetadata.xlsx Questions sheet,Cancer in family
R0_BreastCancerSurgery1,r0_questionnaire,,pending,BaselineMetadata.xlsx Questions sheet,Breast Cancer
R0_BreastCancerSurgery2,r0_questionnaire,,pending,BaselineMetadata.xlsx Questions sheet,Breast Cancer
R0_BreastCancerSurgery3,r0_questionnaire,,pending,BaselineMetadata.xlsx Questions sheet,Breast Cancer
R0_BreastDif_Size,r0_questionnaire,,pending,BaselineMetadata.xlsx Questions sheet,Physical Development
R0_BreastDiscomfort_20,r0_questionnaire,,pending,BaselineMetadata.xlsx Questions sheet,Menstrual and Menopause
R0_BreastDiscomfort_40,r0_questionnaire,,pending,BaselineMetadata.xlsx Questions sheet,Menstrual and Menopause
R0_BreastDiscomfort_Cur,r0_questionnaire,,pending,BaselineMetadata.xlsx Questions sheet,Menstrual and Menopause
R0_BreastInjuryDisease,r0_questionnaire,,pending,BaselineMetadata.xlsx Questions sheet,Breast Disease
R0_BreastInjuryDiseaseAge,r0_questionnaire,,pending,BaselineMetadata.xlsx Questions sheet,Breast Disease
R0_BreastInjuryDisease_Type,r0_questionnaire,,pending,BaselineMetadata.xlsx Questions sheet,Breast Disease
R0_BreastfeedingBreast,r0_questionnaire,,pending,BaselineMetadata.xlsx Questions sheet,Fertility and Pregnancies
R0_BrokenHip,r0_questionnaire,,pending,BaselineMetadata.xlsx Questions sheet,Medical history: illnesses
R0_BrokenHip_Age,r0_questionnaire,,pending,BaselineMetadata.xlsx Questions sheet,Medical history: illnesses
R0_BrokenHip_Yr,r0_questionnaire,,pending,BaselineMetadata.xlsx Questions sheet,Medical history: illnesses
R0_CTChestNeckScan,r0_questionnaire,,pending,BaselineMetadata.xlsx Questions sheet,X-rays
R0_Caesarean_Reason,r0_questionnaire,,pending,BaselineMetadata.xlsx Questions sheet,Birth Details
R0_CalciumDurationYrs,r0_questionnaire,,pending,BaselineMetadata.xlsx Questions sheet,Medical history: drugs and suppliments
R0_CalciumSuppUse,r0_questionnaire,,pending,BaselineMetadata.xlsx Questions sheet,Medical history: drugs and suppliments
R0_CancerBreastLocation1,r0_questionnaire,,pending,BaselineMetadata.xlsx Questions sheet,Breast Cancer
R0_CancerBreastLocation2,r0_questionnaire,,pending,BaselineMetadata.xlsx Questions sheet,Breast Cancer
R0_CancerBreastLocation3,r0_questionnaire,,pending,BaselineMetadata.xlsx Questions sheet,Breast Cancer
R0_CancerDiagnosisMonth2,r0_questionnaire,,pending,BaselineMetadata.xlsx Questions sheet,Breast Cancer
R0_CancerDiagnosisMonth3,r0_questionnaire,,pending,BaselineMetadata.xlsx Questions sheet,Breast Cancer
R0_CancerDiagnosisYear2,r0_questionnaire,,pending,BaselineMetadata.xlsx Questions sheet,Breast Cancer
R0_CancerDiagnosisYear3,r0_questionnaire,,pending,BaselineMetadata.xlsx Questions sheet,Breast Cancer
R0_CancerType1,r0_questionnaire,,pending,BaselineMetadata.xlsx Questions sheet,Breast Cancer
R0_CancerType2,r0_questionnaire,,pending,BaselineMetadata.xlsx Questions sheet,Breast Cancer
R0_CancerType3,r0_questionnaire,,pending,BaselineMetadata.xlsx Questions sheet,Breast Cancer
R0_ChestLungXray,r0_questionnaire,,pending,BaselineMetadata.xlsx Questions sheet,X-rays
R0_ChestNeckRadiationOther,r0_questionnaire,,pending,BaselineMetadata.xlsx Questions sheet,X-rays
R0_ChestNeckRadiotherapy,r0_questionnaire,,pending,BaselineMetadata.xlsx Questions sheet,X-rays
R0_ChestXray,r0_questionnaire,,pending,BaselineMetadata.xlsx Questions sheet,X-rays
R0_ChildCancerHistory,r0_questionnaire,,pending,BaselineMetadata.xlsx Questions sheet,Relatives
R0_ChildCancerType,r0_questionnaire,,pending,BaselineMetadata.xlsx Questions sheet,Cancer in family
R0_ChildCancerYear,r0_questionnaire,,pending,BaselineMetadata.xlsx Questions sheet,Cancer in family
R0_ChildCancerYearUnknown,r0_questionnaire,,pending,BaselineMetadata.xlsx Questions sheet,Cancer in family
R0_ChildDOB_Unknown,r0_questionnaire,,pending,BaselineMetadata.xlsx Questions sheet,Cancer in family
R0_Child_CancerWho,r0_questionnaire,,pending,BaselineMetadata.xlsx Questions sheet,Cancer in family
R0_Child_DOB_Day,r0_questionnaire,,pending,BaselineMetadata.xlsx Questions sheet,Cancer in family
R0_Child_DOB_Month,r0_questionnaire,,pending,BaselineMetadata.xlsx Questions sheet,Cancer in family
R0_Child_DOB_Year,r0_questionnaire,,pending,BaselineMetadata.xlsx Questions sheet,Cancer in family
R0_ChildhoodHghtRec,r0_questionnaire,,pending,BaselineMetadata.xlsx Questions sheet,Physical Development
R0_ChildhoodSportDaysWeek,r0_questionnaire,,pending,BaselineMetadata.xlsx Questions sheet,Physical Activity
R0_ChildhoodSportHoursWeek,r0_questionnaire,,pending,BaselineMetadata.xlsx Questions sheet,Physical Activity
R0_ChildhoodSportMinutesWeek,r0_questionnaire,,pending,BaselineMetadata.xlsx Questions sheet,Physical Activity
R0_ChildhoodSportParticipation,r0_questionnaire,,pending,BaselineMetadata.xlsx Questions sheet,Physical Activity
R0_Cholecystectomy,r0_questionnaire,,pending,BaselineMetadata.xlsx Questions sheet,Medical history: illnesses
R0_Cholecystectomy_Age,r0_questionnaire,,pending,BaselineMetadata.xlsx Questions sheet,Medical history: illnesses
R0_Cigarettes,r0_questionnaire,,pending,BaselineMetadata.xlsx Questions sheet,"Alcohol, Smoking, and Diet"
R0_ContracepPill1_CurrentUse,r0_questionnaire,,pending,BaselineMetadata.xlsx Questions sheet,Contraceptive and HRT
R0_ContracepPill1_Name,r0_questionnaire,,pending,BaselineMetadata.xlsx Questions sheet,Contraceptive and HRT
R0_ContracepPill1_StartAge,r0_questionnaire,,pending,BaselineMetadata.xlsx Questions sheet,Contraceptive and HRT
R0_ContracepPill1_StopAge,r0_questionnaire,,pending,BaselineMetadata.xlsx Questions sheet,Contraceptive and HRT
R0_ContracepPill1_Unknown,r0_questionnaire,,pending,BaselineMetadata.xlsx Questions sheet,Contraceptive and HRT
R0_ContracepPill2_CurrentUse,r0_questionnaire,,pending,BaselineMetadata.xlsx Questions sheet,Contraceptive and HRT
R0_ContracepPill2_Name,r0_questionnaire,,pending,BaselineMetadata.xlsx Questions sheet,Contraceptive and HRT
R0_ContracepPill2_StartAge,r0_questionnaire,,pending,BaselineMetadata.xlsx Questions sheet,Contraceptive and HRT
R0_ContracepPill2_StopAge,r0_questionnaire,,pending,BaselineMetadata.xlsx Questions sheet,Contraceptive and HRT
R0_ContracepPill2_Unknown,r0_questionnaire,,pending,BaselineMetadata.xlsx Questions sheet,Contraceptive and HRT
R0_ContracepPill3_CurrentUse,r0_questionnaire,,pending,BaselineMetadata.xlsx Questions sheet,Contraceptive and HRT
R0_ContracepPill3_Name,r0_questionnaire,,pending,BaselineMetadata.xlsx Questions sheet,Contraceptive and HRT
R0_ContracepPill3_StartAge,r0_questionnaire,,pending,BaselineMetadata.xlsx Questions sheet,Contraceptive and HRT
R0_ContracepPill3_StopAge,r0_questionnaire,,pending,BaselineMetadata.xlsx Questions sheet,Contraceptive and HRT
R0_ContracepPill3_Unknown,r0_questionnaire,,pending,BaselineMetadata.xlsx Questions sheet,Contraceptive and HRT
R0_ContracepPill4_CurrentUse,r0_questionnaire,,pending,BaselineMetadata.xlsx Questions sheet,Contraceptive and HRT
R0_ContracepPill4_Name,r0_questionnaire,,pending,BaselineMetadata.xlsx Questions sheet,Contraceptive and HRT
R0_ContracepPill4_StartAge,r0_questionnaire,,pending,BaselineMetadata.xlsx Questions sheet,Contraceptive and HRT
R0_ContracepPill4_StartMnth,r0_questionnaire,,pending,BaselineMetadata.xlsx Questions sheet,Contraceptive and HRT
R0_ContracepPill4_StartYr,r0_questionnaire,,pending,BaselineMetadata.xlsx Questions sheet,Contraceptive and HRT
R0_ContracepPill4_StopAge,r0_questionnaire,,pending,BaselineMetadata.xlsx Questions sheet,Contraceptive and HRT
R0_ContracepPill4_StopMnth,r0_questionnaire,,pending,BaselineMetadata.xlsx Questions sheet,Contraceptive and HRT
R0_ContracepPill4_StopYr,r0_questionnaire,,pending,BaselineMetadata.xlsx Questions sheet,Contraceptive and HRT
R0_ContracepPill4_Unknown,r0_questionnaire,,pending,BaselineMetadata.xlsx Questions sheet,Contraceptive and HRT
R0_ContracepPill5_CurrentUse,r0_questionnaire,,pending,BaselineMetadata.xlsx Questions sheet,Contraceptive and HRT
R0_ContracepPill5_Name,r0_questionnaire,,pending,BaselineMetadata.xlsx Questions sheet,Contraceptive and HRT
R0_ContracepPill5_StartAge,r0_questionnaire,,pending,BaselineMetadata.xlsx Questions sheet,Contraceptive and HRT
R0_ContracepPill5_StartMnth,r0_questionnaire,,pending,BaselineMetadata.xlsx Questions sheet,Contraceptive and HRT
R0_ContracepPill5_StartYr,r0_questionnaire,,pending,BaselineMetadata.xlsx Questions sheet,Contraceptive and HRT
R0_ContracepPill5_StopAge,r0_questionnaire,,pending,BaselineMetadata.xlsx Questions sheet,Contraceptive and HRT
R0_ContracepPill5_StopMnth,r0_questionnaire,,pending,BaselineMetadata.xlsx Questions sheet,Contraceptive and HRT
R0_ContracepPill5_StopYr,r0_questionnaire,,pending,BaselineMetadata.xlsx Questions sheet,Contraceptive and HRT
R0_ContracepPill5_Unknown,r0_questionnaire,,pending,BaselineMetadata.xlsx Questions sheet,Contraceptive and HRT
R0_ContracepPill6_CurrentUse,r0_questionnaire,,pending,BaselineMetadata.xlsx Questions sheet,Contraceptive and HRT
R0_ContracepPill6_Name,r0_questionnaire,,pending,BaselineMetadata.xlsx Questions sheet,Contraceptive and HRT
R0_ContracepPill6_StartAge,r0_questionnaire,,pending,BaselineMetadata.xlsx Questions sheet,Contraceptive and HRT
R0_ContracepPill6_StartMnth,r0_questionnaire,,pending,BaselineMetadata.xlsx Questions sheet,Contraceptive and HRT
R0_ContracepPill6_StartYr,r0_questionnaire,,pending,BaselineMetadata.xlsx Questions sheet,Contraceptive and HRT
R0_ContracepPill6_StopAge,r0_questionnaire,,pending,BaselineMetadata.xlsx Questions sheet,Contraceptive and HRT
R0_ContracepPill6_StopMnth,r0_questionnaire,,pending,BaselineMetadata.xlsx Questions sheet,Contraceptive and HRT
R0_ContracepPill6_StopYr,r0_questionnaire,,pending,BaselineMetadata.xlsx Questions sheet,Contraceptive and HRT
R0_ContracepPill6_Unknown,r0_questionnaire,,pending,BaselineMetadata.xlsx Questions sheet,Contraceptive and HRT
R0_ContracepPill7_CurrentUse,r0_questionnaire,,pending,BaselineMetadata.xlsx Questions sheet,Contraceptive and HRT
R0_ContracepPill7_Name,r0_questionnaire,,pending,BaselineMetadata.xlsx Questions sheet,Contraceptive and HRT
R0_ContracepPill7_StartAge,r0_questionnaire,,pending,BaselineMetadata.xlsx Questions sheet,Contraceptive and HRT
R0_ContracepPill7_StartMnth,r0_questionnaire,,pending,BaselineMetadata.xlsx Questions sheet,Contraceptive and HRT
R0_ContracepPill7_StartYr,r0_questionnaire,,pending,BaselineMetadata.xlsx Questions sheet,Contraceptive and HRT
R0_ContracepPill7_StopAge,r0_questionnaire,,pending,BaselineMetadata.xlsx Questions sheet,Contraceptive and HRT
R0_ContracepPill7_StopMnth,r0_questionnaire,,pending,BaselineMetadata.xlsx Questions sheet,Contraceptive and HRT
R0_ContracepPill7_StopYr,r0_questionnaire,,pending,BaselineMetadata.xlsx Questions sheet,Contraceptive and HRT
R0_ContracepPill7_Unknown,r0_questionnaire,,pending,BaselineMetadata.xlsx Questions sheet,Contraceptive and HRT
R0_ContracepPill8_CurrentUse,r0_questionnaire,,pending,BaselineMetadata.xlsx Questions sheet,Contraceptive and HRT
R0_ContracepPill8_Name,r0_questionnaire,,pending,BaselineMetadata.xlsx Questions sheet,Contraceptive and HRT
R0_ContracepPill8_StartAge,r0_questionnaire,,pending,BaselineMetadata.xlsx Questions sheet,Contraceptive and HRT
R0_ContracepPill8_StartMnth,r0_questionnaire,,pending,BaselineMetadata.xlsx Questions sheet,Contraceptive and HRT
R0_ContracepPill8_StartYr,r0_questionnaire,,pending,BaselineMetadata.xlsx Questions sheet,Contraceptive and HRT
R0_ContracepPill8_StopAge,r0_questionnaire,,pending,BaselineMetadata.xlsx Questions sheet,Contraceptive and HRT
R0_ContracepPill8_StopMnth,r0_questionnaire,,pending,BaselineMetadata.xlsx Questions sheet,Contraceptive and HRT
R0_ContracepPill8_StopYr,r0_questionnaire,,pending,BaselineMetadata.xlsx Questions sheet,Contraceptive and HRT
R0_ContracepPill8_Unknown,r0_questionnaire,,pending,BaselineMetadata.xlsx Questions sheet,Contraceptive and HRT
R0_ContracepPill9_CurrentUse,r0_questionnaire,,pending,BaselineMetadata.xlsx Questions sheet,Contraceptive and HRT
R0_ContracepPill9_Name,r0_questionnaire,,pending,BaselineMetadata.xlsx Questions sheet,Contraceptive and HRT
R0_ContracepPill9_StartAge,r0_questionnaire,,pending,BaselineMetadata.xlsx Questions sheet,Contraceptive and HRT
R0_ContracepPill9_StartMnth,r0_questionnaire,,pending,BaselineMetadata.xlsx Questions sheet,Contraceptive and HRT
R0_ContracepPill9_StartYr,r0_questionnaire,,pending,BaselineMetadata.xlsx Questions sheet,Contraceptive and HRT
R0_ContracepPill9_StopAge,r0_questionnaire,,pending,BaselineMetadata.xlsx Questions sheet,Contraceptive and HRT
R0_ContracepPill9_StopMnth,r0_questionnaire,,pending,BaselineMetadata.xlsx Questions sheet,Contraceptive and HRT
R0_ContracepPill9_StopYr,r0_questionnaire,,pending,BaselineMetadata.xlsx Questions sheet,Contraceptive and HRT
R0_ContracepPill9_Unknown,r0_questionnaire,,pending,BaselineMetadata.xlsx Questions sheet,Contraceptive and HRT
R0_ContracepPillUse,r0_questionnaire,,pending,BaselineMetadata.xlsx Questions sheet,Contraceptive and HRT
R0_ContracepPill_MoreThanNine,r0_questionnaire,,pending,BaselineMetadata.xlsx Questions sheet,Contraceptive and HRT
R0_ContracepPill_MoreThanThree,r0_questionnaire,,pending,BaselineMetadata.xlsx Questions sheet,Contraceptive and HRT
R0_CoronaryAngiogram,r0_questionnaire,,pending,BaselineMetadata.xlsx Questions sheet,X-rays
R0_CosmeticOther_Age1,r0_questionnaire,,pending,BaselineMetadata.xlsx Questions sheet,Other breast surgery
R0_CosmeticOther_Age2,r0_questionnaire,,pending,BaselineMetadata.xlsx Questions sheet,Other breast surgery
R0_CosmeticOther_Age3,r0_questionnaire,,pending,BaselineMetadata.xlsx Questions sheet,Other breast surgery
R0_CosmeticOther_Age4,r0_questionnaire,,pending,BaselineMetadata.xlsx Questions sheet,Other breast surgery
R0_CosmeticOther_Aspiration2,r0_questionnaire,,pending,BaselineMetadata.xlsx Questions sheet,Other breast surgery
R0_CosmeticOther_Aspiration3,r0_questionnaire,,pending,BaselineMetadata.xlsx Questions sheet,Other breast surgery
R0_CosmeticOther_Aspiration4,r0_questionnaire,,pending,BaselineMetadata.xlsx Questions sheet,Other breast surgery
R0_CosmeticOther_BothRemoved2,r0_questionnaire,,pending,BaselineMetadata.xlsx Questions sheet,Other breast surgery
R0_CosmeticOther_BothRemoved3,r0_questionnaire,,pending,BaselineMetadata.xlsx Questions sheet,Other breast surgery
R0_CosmeticOther_BothRemoved4,r0_questionnaire,,pending,BaselineMetadata.xlsx Questions sheet,Other breast surgery
R0_CosmeticOther_Breast1,r0_questionnaire,,pending,BaselineMetadata.xlsx Questions sheet,Other breast surgery
R0_CosmeticOther_Breast2,r0_questionnaire,,pending,BaselineMetadata.xlsx Questions sheet,Other breast surgery
R0_CosmeticOther_Breast3,r0_questionnaire,,pending,BaselineMetadata.xlsx Questions sheet,Other breast surgery
R0_CosmeticOther_Breast4,r0_questionnaire,,pending,BaselineMetadata.xlsx Questions sheet,Other breast surgery
R0_CosmeticOther_Details,r0_questionnaire,,pending,BaselineMetadata.xlsx Questions sheet,Other breast surgery
R0_CosmeticOther_Enlargement2,r0_questionnaire,,pending,BaselineMetadata.xlsx Questions sheet,Other breast surgery
R0_CosmeticOther_Enlargement3,r0_questionnaire,,pending,BaselineMetadata.xlsx Questions sheet,Other breast surgery
R0_CosmeticOther_Enlargement4,r0_questionnaire,,pending,BaselineMetadata.xlsx Questions sheet,Other breast surgery
R0_CosmeticOther_Hosp1,r0_questionnaire,,pending,BaselineMetadata.xlsx Questions sheet,Other breast surgery
R0_CosmeticOther_Hosp2,r0_questionnaire,,pending,BaselineMetadata.xlsx Questions sheet,Other breast surgery
R0_CosmeticOther_Hosp3,r0_questionnaire,,pending,BaselineMetadata.xlsx Questions sheet,Other breast surgery
R0_CosmeticOther_Hosp4,r0_questionnaire,,pending,BaselineMetadata.xlsx Questions sheet,Other breast surgery
R0_CosmeticOther_Lump2,r0_questionnaire,,pending,BaselineMetadata.xlsx Questions sheet,Other breast surgery
R0_CosmeticOther_Lump3,r0_questionnaire,,pending,BaselineMetadata.xlsx Questions sheet,Other breast surgery
R0_CosmeticOther_Lump4,r0_questionnaire,,pending,BaselineMetadata.xlsx Questions sheet,Other breast surgery
R0_CosmeticOther_Mnth2,r0_questionnaire,,pending,BaselineMetadata.xlsx Questions sheet,Other breast surgery
R0_CosmeticOther_Mnth3,r0_questionnaire,,pending,BaselineMetadata.xlsx Questions sheet,Other breast surgery
R0_CosmeticOther_Mnth4,r0_questionnaire,,pending,BaselineMetadata.xlsx Questions sheet,Other breast surgery
R0_CosmeticOther_MoreFour,r0_questionnaire,,pending,BaselineMetadata.xlsx Questions sheet,Other breast surgery
R0_CosmeticOther_Other2,r0_questionnaire,,pending,BaselineMetadata.xlsx Questions sheet,Other breast surgery
R0_CosmeticOther_Other3,r0_questionnaire,,pending,BaselineMetadata.xlsx Questions sheet,Other breast surgery
R0_CosmeticOther_Other4,r0_questionnaire,,pending,BaselineMetadata.xlsx Questions sheet,Other breast surgery
R0_CosmeticOther_OtherOther1,r0_questionnaire,,pending,BaselineMetadata.xlsx Questions sheet,Other breast surgery
R0_CosmeticOther_OtherOther2,r0_questionnaire,,pending,BaselineMetadata.xlsx Questions sheet,Other breast surgery
R0_CosmeticOther_OtherOther3,r0_questionnaire,,pending,BaselineMetadata.xlsx Questions sheet,Other breast surgery
R0_CosmeticOther_OtherOther4,r0_questionnaire,,pending,BaselineMetadata.xlsx Questions sheet,Other breast surgery
R0_CosmeticOther_Reduction2,r0_questionnaire,,pending,BaselineMetadata.xlsx Questions sheet,Other breast surgery
R0_CosmeticOther_Reduction3,r0_questionnaire,,pending,BaselineMetadata.xlsx Questions sheet,Other breast surgery
R0_CosmeticOther_Reduction4,r0_questionnaire,,pending,BaselineMetadata.xlsx Questions sheet,Other breast surgery
R0_CosmeticOther_Removed2,r0_questionnaire,,pending,BaselineMetadata.xlsx Questions sheet,Other breast surgery
R0_CosmeticOther_Removed3,r0_questionnaire,,pending,BaselineMetadata.xlsx Questions sheet,Other breast surgery
R0_CosmeticOther_Removed4,r0_questionnaire,,pending,BaselineMetadata.xlsx Questions sheet,Other breast surgery
R0_CosmeticOther_SmallSample2,r0_questionnaire,,pending,BaselineMetadata.xlsx Questions sheet,Other breast surgery
R0_CosmeticOther_SmallSample3,r0_questionnaire,,pending,BaselineMetadata.xlsx Questions sheet,Other breast surgery
R0_CosmeticOther_SmallSample4,r0_questionnaire,,pending,BaselineMetadata.xlsx Questions sheet,Other breast surgery
R0_CosmeticOther_Surgery1,r0_questionnaire,,pending,BaselineMetadata.xlsx Questions sheet,Other breast surgery
R0_CosmeticOther_Surgery2,r0_questionnaire,,pending,BaselineMetadata.xlsx Questions sheet,Other breast surgery
R0_CosmeticOther_Surgery3,r0_questionnaire,,pending,BaselineMetadata.xlsx Questions sheet,Other breast surgery
R0_CosmeticOther_Surgery4,r0_questionnaire,,pending,BaselineMetadata.xlsx Questions sheet,Other breast surgery
R0_CosmeticOther_Town1,r0_questionnaire,,pending,BaselineMetadata.xlsx Questions sheet,Other breast surgery
R0_CosmeticOther_Town2,r0_questionnaire,,pending,BaselineMetadata.xlsx Questions sheet,Other breast surgery
R0_CosmeticOther_Town3,r0_questionnaire,,pending,BaselineMetadata.xlsx Questions sheet,Other breast surgery
R0_CosmeticOther_Town4,r0_questionnaire,,pending,BaselineMetadata.xlsx Questions sheet,Other breast surgery
R0_CosmeticOther_Type1,r0_questionnaire,,pending,BaselineMetadata.xlsx Questions sheet,Other breast surgery
R0_CosmeticOther_Yr2,r0_questionnaire,,pending,BaselineMetadata.xlsx Questions sheet,Other breast surgery
R0_CosmeticOther_Yr3,r0_questionnaire,,pending,BaselineMetadata.xlsx Questions sheet,Other breast surgery
R0_CosmeticOther_Yr4,r0_questionnaire,,pending,BaselineMetadata.xlsx Questions sheet,Other breast surgery
R0_CountryBorn,r0_questionnaire,,pending,BaselineMetadata.xlsx Questions sheet,Birth Details
R0_CountryBornNonUK,r0_questionnaire,,pending,BaselineMetadata.xlsx Questions sheet,Birth Details
R0_CurOcup,r0_questionnaire,general_information,converted,BaselineMetadata.xlsx Questions sheet,General Information
R0_CurrentHght_Cm,r0_questionnaire,,pending,BaselineMetadata.xlsx Questions sheet,Physical Development
R0_CurrentHght_Ft,r0_questionnaire,,pending,BaselineMetadata.xlsx Questions sheet,Physical Development
R0_CurrentHght_In,r0_questionnaire,,pending,BaselineMetadata.xlsx Questions sheet,Physical Development
R0_CurrentPreg,r0_questionnaire,,pending,BaselineMetadata.xlsx Questions sheet,Fertility and Pregnancies
R0_CurrentWght_Kg,r0_questionnaire,,pending,BaselineMetadata.xlsx Questions sheet,Physical Development
R0_CurrentWght_Lbs,r0_questionnaire,,pending,BaselineMetadata.xlsx Questions sheet,Physical Development
R0_CurrentWght_St,r0_questionnaire,,pending,BaselineMetadata.xlsx Questions sheet,Physical Development
R0_CurrentWght_When,r0_questionnaire,,pending,BaselineMetadata.xlsx Questions sheet,Physical Development
R0_CycleDays_20,r0_questionnaire,,pending,BaselineMetadata.xlsx Questions sheet,Menstrual and Menopause
R0_CycleDays_40,r0_questionnaire,,pending,BaselineMetadata.xlsx Questions sheet,Menstrual and Menopause
R0_CycleDays_Cur,r0_questionnaire,,pending,BaselineMetadata.xlsx Questions sheet,Menstrual and Menopause
R0_CycleDays_Unkn_20,r0_questionnaire,,pending,BaselineMetadata.xlsx Questions sheet,Menstrual and Menopause
R0_CycleDays_Unkn_40,r0_questionnaire,,pending,BaselineMetadata.xlsx Questions sheet,Menstrual and Menopause
R0_CycleDays_Unkn_Cur,r0_questionnaire,,pending,BaselineMetadata.xlsx Questions sheet,Menstrual and Menopause
R0_CyclingDays,r0_questionnaire,,pending,BaselineMetadata.xlsx Questions sheet,Physical Activity
R0_CyclingHours,r0_questionnaire,,pending,BaselineMetadata.xlsx Questions sheet,Physical Activity
R0_CyclingMinutes,r0_questionnaire,,pending,BaselineMetadata.xlsx Questions sheet,Physical Activity
R0_DOB_Day,r0_questionnaire,,pending,BaselineMetadata.xlsx Questions sheet,Birth Details
R0_DOB_Mnth,r0_questionnaire,,pending,BaselineMetadata.xlsx Questions sheet,Birth Details
R0_DOB_Yr,r0_questionnaire,,pending,BaselineMetadata.xlsx Questions sheet,Birth Details
R0_DairyConsumption,r0_questionnaire,,pending,BaselineMetadata.xlsx Questions sheet,"Alcohol, Smoking, and Diet"
R0_DairyDaysRecentWeek,r0_questionnaire,,pending,BaselineMetadata.xlsx Questions sheet,"Alcohol, Smoking, and Diet"
R0_DairyLastAge,r0_questionnaire,,pending,BaselineMetadata.xlsx Questions sheet,"Alcohol, Smoking, and Diet"
R0_DairyNever,r0_questionnaire,,pending,BaselineMetadata.xlsx Questions sheet,"Alcohol, Smoking, and Diet"
R0_DancingDays,r0_questionnaire,,pending,BaselineMetadata.xlsx Questions sheet,Physical Activity
R0_DancingHours,r0_questionnaire,,pending,BaselineMetadata.xlsx Questions sheet,Physical Activity
R0_DancingMinutes,r0_questionnaire,,pending,BaselineMetadata.xlsx Questions sheet,Physical Activity
R0_Date_Day,r0_questionnaire,,pending,BaselineMetadata.xlsx Questions sheet,Other
R0_Date_Month,r0_questionnaire,,pending,BaselineMetadata.xlsx Questions sheet,Other
R0_Date_Year,r0_questionnaire,,pending,BaselineMetadata.xlsx Questions sheet,Other
R0_DayEvnOne,r0_questionnaire,general_information,converted,BaselineMetadata.xlsx Questions sheet,General Information
R0_DayEvnTwo,r0_questionnaire,general_information,converted,BaselineMetadata.xlsx Questions sheet,General Information
R0_Delivery_Caesarean,r0_questionnaire,,pending,BaselineMetadata.xlsx Questions sheet,Birth Details
R0_Diabetes,r0_questionnaire,,pending,BaselineMetadata.xlsx Questions sheet,Medical history: illnesses
R0_DiabetesAge,r0_questionnaire,,pending,BaselineMetadata.xlsx Questions sheet,Medical history: illnesses
R0_Dif_LeftRight_Breast,r0_questionnaire,,pending,BaselineMetadata.xlsx Questions sheet,Physical Development
R0_DistantRelativesBreastCancer,r0_questionnaire,,pending,BaselineMetadata.xlsx Questions sheet,Relatives
R0_ED_Age,r0_questionnaire,,pending,BaselineMetadata.xlsx Questions sheet,Medical history: illnesses
R0_ED_ConsultDr,r0_questionnaire,,pending,BaselineMetadata.xlsx Questions sheet,Medical history: illnesses
R0_ED_ConsultDrPeriods,r0_questionnaire,,pending,BaselineMetadata.xlsx Questions sheet,Medical history: illnesses
R0_ED_DrAge,r0_questionnaire,,pending,BaselineMetadata.xlsx Questions sheet,Medical history: illnesses
R0_ED_DrAgeNA,r0_questionnaire,,pending,BaselineMetadata.xlsx Questions sheet,Medical history: illnesses
R0_ED_DrStartMth,r0_questionnaire,,pending,BaselineMetadata.xlsx Questions sheet,Medical history: illnesses
R0_ED_DrStartYr,r0_questionnaire,,pending,BaselineMetadata.xlsx Questions sheet,Medical history: illnesses
R0_ED_FromAge,r0_questionnaire,,pending,BaselineMetadata.xlsx Questions sheet,Medical history: illnesses
R0_ED_FromMth,r0_questionnaire,,pending,BaselineMetadata.xlsx Questions sheet,Medical history: illnesses
R0_ED_FromYr,r0_questionnaire,,pending,BaselineMetadata.xlsx Questions sheet,Medical history: illnesses
R0_ED_GainLoss,r0_questionnaire,,pending,BaselineMetadata.xlsx Questions sheet,Medical history: illnesses
R0_ED_General,r0_questionnaire,,pending,BaselineMetadata.xlsx Questions sheet,Medical history: illnesses
R0_ED_HighWeight_kg,r0_questionnaire,,pending,BaselineMetadata.xlsx Questions sheet,Medical history: illnesses
R0_ED_HighWeight_lb,r0_questionnaire,,pending,BaselineMetadata.xlsx Questions sheet,Medical history: illnesses
R0_ED_HighWeight_st,r0_questionnaire,,pending,BaselineMetadata.xlsx Questions sheet,Medical history: illnesses
R0_ED_LengthLostPeriod_Mnths,r0_questionnaire,,pending,BaselineMetadata.xlsx Questions sheet,Medical history: illnesses
R0_ED_LostPeriods,r0_questionnaire,,pending,BaselineMetadata.xlsx Questions sheet,Medical history: illnesses
R0_ED_LostPeriods_Age,r0_questionnaire,,pending,BaselineMetadata.xlsx Questions sheet,Medical history: illnesses
R0_ED_LostPeriods_AgeNA,r0_questionnaire,,pending,BaselineMetadata.xlsx Questions sheet,Medical history: illnesses
R0_ED_LostPeriods_Yrs,r0_questionnaire,,pending,BaselineMetadata.xlsx Questions sheet,Medical history: illnesses
R0_ED_LowWeight_kg,r0_questionnaire,,pending,BaselineMetadata.xlsx Questions sheet,Medical history: illnesses
R0_ED_LowWeight_lb,r0_questionnaire,,pending,BaselineMetadata.xlsx Questions sheet,Medical history: illnesses
R0_ED_LowWeight_st,r0_questionnaire,,pending,BaselineMetadata.xlsx Questions sheet,Medical history: illnesses
R0_ED_MoreEpisodes,r0_questionnaire,,pending,BaselineMetadata.xlsx Questions sheet,Medical history: illnesses
R0_ED_MoreThanThree,r0_questionnaire,,pending,BaselineMetadata.xlsx Questions sheet,Medical history: illnesses
R0_ED_Ongoing,r0_questionnaire,,pending,BaselineMetadata.xlsx Questions sheet,Medical history: illnesses
R0_ED_PeriodsMth,r0_questionnaire,,pending,BaselineMetadata.xlsx Questions sheet,Medical history: illnesses
R0_ED_PeriodsYr,r0_questionnaire,,pending,BaselineMetadata.xlsx Questions sheet,Medical history: illnesses
R0_ED_PreWeight_kg,r0_questionnaire,,pending,BaselineMetadata.xlsx Questions sheet,Medical history: illnesses
R0_ED_PreWeight_lb,r0_questionnaire,,pending,BaselineMetadata.xlsx Questions sheet,Medical history: illnesses
R0_ED_PreWeight_st,r0_questionnaire,,pending,BaselineMetadata.xlsx Questions sheet,Medical history: illnesses
R0_ED_StartMth,r0_questionnaire,,pending,BaselineMetadata.xlsx Questions sheet,Medical history: illnesses
R0_ED_StartYr,r0_questionnaire,,pending,BaselineMetadata.xlsx Questions sheet,Medical history: illnesses
R0_ED_ToAge,r0_questionnaire,,pending,BaselineMetadata.xlsx Questions sheet,Medical history: illnesses
R0_ED_ToMth,r0_questionnaire,,pending,BaselineMetadata.xlsx Questions sheet,Medical history: illnesses
R0_ED_ToYr,r0_questionnaire,,pending,BaselineMetadata.xlsx Questions sheet,Medical history: illnesses
R0_ED_Type,r0_questionnaire,,pending,BaselineMetadata.xlsx Questions sheet,Medical history: illnesses
R0_ED_WeightFluctuate,r0_questionnaire,,pending,BaselineMetadata.xlsx Questions sheet,Medical history: illnesses
R0_ED_WeightGain,r0_questionnaire,,pending,BaselineMetadata.xlsx Questions sheet,Medical history: illnesses
R0_ED_WeightLoss,r0_questionnaire,,pending,BaselineMetadata.xlsx Questions sheet,Medical history: illnesses
R0_ED_WeightSame,r0_questionnaire,,pending,BaselineMetadata.xlsx Questions sheet,Medical history: illnesses
R0_EatingDisorder,r0_questionnaire,,pending,BaselineMetadata.xlsx Questions sheet,Medical history: illnesses
R0_EggConsumption,r0_questionnaire,,pending,BaselineMetadata.xlsx Questions sheet,"Alcohol, Smoking, and Diet"
R0_EggDaysRecentWeek,r0_questionnaire,,pending,BaselineMetadata.xlsx Questions sheet,"Alcohol, Smoking, and Diet"
R0_EggLastAge,r0_questionnaire,,pending,BaselineMetadata.xlsx Questions sheet,"Alcohol, Smoking, and Diet"
R0_EggNever,r0_questionnaire,,pending,BaselineMetadata.xlsx Questions sheet,"Alcohol, Smoking, and Diet"
R0_Email,r0_questionnaire,general_information,converted,BaselineMetadata.xlsx Questions sheet,General Information
R0_EmailYN,r0_questionnaire,general_information,converted,BaselineMetadata.xlsx Questions sheet,General Information
R0_Endometriosis,r0_questionnaire,,pending,BaselineMetadata.xlsx Questions sheet,Menstrual and Menopause
R0_EsophagusStomachXray,r0_questionnaire,,pending,BaselineMetadata.xlsx Questions sheet,X-rays
R0_EthnGroup,r0_questionnaire,general_information,converted,BaselineMetadata.xlsx Questions sheet,General Information
R0_EthnGroupBlkAfr,r0_questionnaire,general_information,converted,BaselineMetadata.xlsx Questions sheet,General Information
R0_EthnGroupBlkCarib,r0_questionnaire,general_information,converted,BaselineMetadata.xlsx Questions sheet,General Information
R0_EthnGroupBlkOther,r0_questionnaire,general_information,converted,BaselineMetadata.xlsx Questions sheet,General Information
R0_EthnGroupBngldsh,r0_questionnaire,general_information,converted,BaselineMetadata.xlsx Questions sheet,General Information
R0_EthnGroupChinese,r0_questionnaire,general_information,converted,BaselineMetadata.xlsx Questions sheet,General Information
R0_EthnGroupIndian,r0_questionnaire,general_information,converted,BaselineMetadata.xlsx Questions sheet,General Information
R0_EthnGroupJAshk,r0_questionnaire,general_information,converted,BaselineMetadata.xlsx Questions sheet,General Information
R0_EthnGroupJSeph,r0_questionnaire,general_information,converted,BaselineMetadata.xlsx Questions sheet,General Information
R0_EthnGroupNone,r0_questionnaire,general_information,converted,BaselineMetadata.xlsx Questions sheet,General Information
R0_EthnGroupPakistani,r0_questionnaire,general_information,converted,BaselineMetadata.xlsx Questions sheet,General Information
R0_EthnGroupSelfDesc,r0_questionnaire,general_information,converted,BaselineMetadata.xlsx Questions sheet,General Information
R0_EthnGroupWhite,r0_questionnaire,general_information,converted,BaselineMetadata.xlsx Questions sheet,General Information
R0_EverHadPeriods,r0_questionnaire,,pending,BaselineMetadata.xlsx Questions sheet,Menstrual and Menopause
R0_EverPregnant,r0_questionnaire,,pending,BaselineMetadata.xlsx Questions sheet,Fertility and Pregnancies
R0_ExerciseWinterComparison,r0_questionnaire,,pending,BaselineMetadata.xlsx Questions sheet,Physical Activity
R0_ExtOne,r0_questionnaire,general_information,converted,BaselineMetadata.xlsx Questions sheet,General Information
R0_ExtTwo,r0_questionnaire,general_information,converted,BaselineMetadata.xlsx Questions sheet,General Information
R0_FatTypeButter,r0_questionnaire,,pending,BaselineMetadata.xlsx Questions sheet,"Alcohol, Smoking, and Diet"
R0_FatTypeOtherSpecify,r0_questionnaire,,pending,BaselineMetadata.xlsx Questions sheet,"Alcohol, Smoking, and Diet"
R0_FatherBirthCountry,r0_questionnaire,,pending,BaselineMetadata.xlsx Questions sheet,Relatives
R0_FatherBirthCountryOther,r0_questionnaire,,pending,BaselineMetadata.xlsx Questions sheet,Relatives
R0_FatherCancerHistory,r0_questionnaire,,pending,BaselineMetadata.xlsx Questions sheet,Relatives
R0_FatherCancerType,r0_questionnaire,,pending,BaselineMetadata.xlsx Questions sheet,Cancer in family
R0_FatherCancerYear,r0_questionnaire,,pending,BaselineMetadata.xlsx Questions sheet,Cancer in family
R0_FatherCancerYearUnknown,r0_questionnaire,,pending,BaselineMetadata.xlsx Questions sheet,Cancer in family
R0_FatherCauseOfDeath,r0_questionnaire,,pending,BaselineMetadata.xlsx Questions sheet,Relatives
R0_FatherDOB_Day,r0_questionnaire,,pending,BaselineMetadata.xlsx Questions sheet,Relatives
R0_FatherDOB_Month,r0_questionnaire,,pending,BaselineMetadata.xlsx Questions sheet,Relatives
R0_FatherDOB_Unknown,r0_questionnaire,,pending,BaselineMetadata.xlsx Questions sheet,Relatives
R0_FatherDOB_Year,r0_questionnaire,,pending,BaselineMetadata.xlsx Questions sheet,Relatives
R0_FatherDOD_Day,r0_questionnaire,,pending,BaselineMetadata.xlsx Questions sheet,Relatives
R0_FatherDOD_Month,r0_questionnaire,,pending,BaselineMetadata.xlsx Questions sheet,Relatives
R0_FatherDOD_Unknown,r0_questionnaire,,pending,BaselineMetadata.xlsx Questions sheet,Relatives
R0_FatherDOD_Year,r0_questionnaire,,pending,BaselineMetadata.xlsx Questions sheet,Relatives
R0_FatherFirstName,r0_questionnaire,,pending,BaselineMetadata.xlsx Questions sheet,Relatives
R0_FatherHeightFeet,r0_questionnaire,,pending,BaselineMetadata.xlsx Questions sheet,Relatives
R0_FatherHeightInches,r0_questionnaire,,pending,BaselineMetadata.xlsx Questions sheet,Relatives
R0_FatherSurname,r0_questionnaire,,pending,BaselineMetadata.xlsx Questions sheet,Relatives
R0_FatherVitalStatus,r0_questionnaire,,pending,BaselineMetadata.xlsx Questions sheet,Relatives
R0_FertilityDrugs,r0_questionnaire,,pending,BaselineMetadata.xlsx Questions sheet,Fertility and Pregnancies
R0_FertilityTreatmentAgeFirst,r0_questionnaire,,pending,BaselineMetadata.xlsx Questions sheet,Fertility and Pregnancies
R0_FertilityTreatmentAgeLast,r0_questionnaire,,pending,BaselineMetadata.xlsx Questions sheet,Fertility and Pregnancies
R0_FirstName,r0_questionnaire,general_information,converted,BaselineMetadata.xlsx Questions sheet,General Information
R0_FirstPeriodAge,r0_questionnaire,,pending,BaselineMetadata.xlsx Questions sheet,Menstrual and Menopause
R0_FirstPregWghtKG,r0_questionnaire,,pending,BaselineMetadata.xlsx Questions sheet,Fertility and Pregnancies
R0_FirstPregWghtStone,r0_questionnaire,,pending,BaselineMetadata.xlsx Questions sheet,Fertility and Pregnancies
R0_FirstPregWghtlbs,r0_questionnaire,,pending,BaselineMetadata.xlsx Questions sheet,Fertility and Pregnancies
R0_FishConsumption,r0_questionnaire,,pending,BaselineMetadata.xlsx Questions sheet,"Alcohol, Smoking, and Diet"
R0_FishDaysRecentWeek,r0_questionnaire,,pending,BaselineMetadata.xlsx Questions sheet,"Alcohol, Smoking, and Diet"
R0_FishLastAge,r0_questionnaire,,pending,BaselineMetadata.xlsx Questions sheet,"Alcohol, Smoking, and Diet"
R0_FishNever,r0_questionnaire,,pending,BaselineMetadata.xlsx Questions sheet,"Alcohol, Smoking, and Diet"
R0_FlightsCrossEquatorMonth,r0_questionnaire,,pending,BaselineMetadata.xlsx Questions sheet,Other Lifestyle Factors
R0_FlowDays_20,r0_questionnaire,,pending,BaselineMetadata.xlsx Questions sheet,Menstrual and Menopause
R0_FlowDays_40,r0_questionnaire,,pending,BaselineMetadata.xlsx Questions sheet,Menstrual and Menopause
R0_FlowDays_Cur,r0_questionnaire,,pending,BaselineMetadata.xlsx Questions sheet,Menstrual and Menopause
R0_FluoroscopicChestXray,r0_questionnaire,,pending,BaselineMetadata.xlsx Questions sheet,X-rays
R0_FolicAcidDurationYrs,r0_questionnaire,,pending,BaselineMetadata.xlsx Questions sheet,Medical history: drugs and suppliments
R0_FolicAcidSuppUse,r0_questionnaire,,pending,BaselineMetadata.xlsx Questions sheet,Medical history: drugs and suppliments
R0_FruitDailyServings,r0_questionnaire,,pending,BaselineMetadata.xlsx Questions sheet,"Alcohol, Smoking, and Diet"
R0_FullMouthDentalXray,r0_questionnaire,,pending,BaselineMetadata.xlsx Questions sheet,X-rays
R0_FurtherBreastInjuryDisease,r0_questionnaire,,pending,BaselineMetadata.xlsx Questions sheet,Breast Disease
R0_GP,r0_questionnaire,general_information,converted,BaselineMetadata.xlsx Questions sheet,General Information
R0_GPdk,r0_questionnaire,general_information,converted,BaselineMetadata.xlsx Questions sheet,General Information
R0_GPtown,r0_questionnaire,general_information,converted,BaselineMetadata.xlsx Questions sheet,General Information
R0_G_BirthWght,r0_questionnaire,,pending,BaselineMetadata.xlsx Questions sheet,Birth Details
R0_GallbladderXray,r0_questionnaire,,pending,BaselineMetadata.xlsx Questions sheet,X-rays
R0_Gallstones,r0_questionnaire,,pending,BaselineMetadata.xlsx Questions sheet,Medical history: illnesses
R0_Gallstones_Age,r0_questionnaire,,pending,BaselineMetadata.xlsx Questions sheet,Medical history: illnesses
R0_GrandparentBreastCancer,r0_questionnaire,,pending,BaselineMetadata.xlsx Questions sheet,Relatives
R0_GrandparentBreastCancerWho,r0_questionnaire,,pending,BaselineMetadata.xlsx Questions sheet,Cancer in family
R0_GrandparentCountryDN_FF,r0_questionnaire,,pending,BaselineMetadata.xlsx Questions sheet,Relatives
R0_GrandparentCountryDN_FM,r0_questionnaire,,pending,BaselineMetadata.xlsx Questions sheet,Relatives
R0_GrandparentCountryDN_MF,r0_questionnaire,,pending,BaselineMetadata.xlsx Questions sheet,Relatives
R0_GrandparentCountryDN_MM,r0_questionnaire,,pending,BaselineMetadata.xlsx Questions sheet,Relatives
R0_GrandparentCountry_FF,r0_questionnaire,,pending,BaselineMetadata.xlsx Questions sheet,Relatives
R0_GrandparentCountry_FM,r0_questionnaire,,pending,BaselineMetadata.xlsx Questions sheet,Relatives
R0_GrandparentCountry_MF,r0_questionnaire,,pending,BaselineMetadata.xlsx Questions sheet,Relatives
R0_GrandparentCountry_MM,r0_questionnaire,,pending,BaselineMetadata.xlsx Questions sheet,Relatives
R0_GrandparentUK_FF,r0_questionnaire,,pending,BaselineMetadata.xlsx Questions sheet,Relatives
R0_GrandparentUK_FM,r0_questionnaire,,pending,BaselineMetadata.xlsx Questions sheet,Relatives
R0_GrandparentUK_MF,r0_questionnaire,,pending,BaselineMetadata.xlsx Questions sheet,Relatives
R0_GrandparentUK_MM,r0_questionnaire,,pending,BaselineMetadata.xlsx Questions sheet,Relatives
R0_GreenVegDailyServings,r0_questionnaire,,pending,BaselineMetadata.xlsx Questions sheet,"Alcohol, Smoking, and Diet"
R0_GrowthHormoneUse,r0_questionnaire,,pending,BaselineMetadata.xlsx Questions sheet,Medical history: drugs and suppliments
R0_GrowthStopped_Age,r0_questionnaire,,pending,BaselineMetadata.xlsx Questions sheet,Physical Development
R0_GrowthStopped_Unkn,r0_questionnaire,,pending,BaselineMetadata.xlsx Questions sheet,Physical Development
R0_HRT1_CurrentUse,r0_questionnaire,,pending,BaselineMetadata.xlsx Questions sheet,Contraceptive and HRT
R0_HRT1_Name,r0_questionnaire,,pending,BaselineMetadata.xlsx Questions sheet,Contraceptive and HRT
R0_HRT1_StartAge,r0_questionnaire,,pending,BaselineMetadata.xlsx Questions sheet,Contraceptive and HRT
R0_HRT1_StopAge,r0_questionnaire,,pending,BaselineMetadata.xlsx Questions sheet,Contraceptive and HRT
R0_HRT2_CurrentUse,r0_questionnaire,,pending,BaselineMetadata.xlsx Questions sheet,Contraceptive and HRT
R0_HRT2_Name,r0_questionnaire,,pending,BaselineMetadata.xlsx Questions sheet,Contraceptive and HRT
R0_HRT2_StartAge,r0_questionnaire,,pending,BaselineMetadata.xlsx Questions sheet,Contraceptive and HRT
R0_HRT2_StopAge,r0_questionnaire,,pending,BaselineMetadata.xlsx Questions sheet,Contraceptive and HRT
R0_HRT3_CurrentUse,r0_questionnaire,,pending,BaselineMetadata.xlsx Questions sheet,Contraceptive and HRT
R0_HRT3_Name,r0_questionnaire,,pending,BaselineMetadata.xlsx Questions sheet,Contraceptive and HRT
R0_HRT3_StartAge,r0_questionnaire,,pending,BaselineMetadata.xlsx Questions sheet,Contraceptive and HRT
R0_HRT3_StopAge,r0_questionnaire,,pending,BaselineMetadata.xlsx Questions sheet,Contraceptive and HRT
R0_HRT4_CurrentUse,r0_questionnaire,,pending,BaselineMetadata.xlsx Questions sheet,Contraceptive and HRT
R0_HRT4_Name,r0_questionnaire,,pending,BaselineMetadata.xlsx Questions sheet,Contraceptive and HRT
R0_HRT4_StartAge,r0_questionnaire,,pending,BaselineMetadata.xlsx Questions sheet,Contraceptive and HRT
R0_HRT4_StartMnth,r0_questionnaire,,pending,BaselineMetadata.xlsx Questions sheet,Contraceptive and HRT
R0_HRT4_StartYr,r0_questionnaire,,pending,BaselineMetadata.xlsx Questions sheet,Contraceptive and HRT
R0_HRT4_StopAge,r0_questionnaire,,pending,BaselineMetadata.xlsx Questions sheet,Contraceptive and HRT
R0_HRT4_StopMnth,r0_questionnaire,,pending,BaselineMetadata.xlsx Questions sheet,Contraceptive and HRT
R0_HRT4_StopYr,r0_questionnaire,,pending,BaselineMetadata.xlsx Questions sheet,Contraceptive and HRT
R0_HRT5_CurrentUse,r0_questionnaire,,pending,BaselineMetadata.xlsx Questions sheet,Contraceptive and HRT
R0_HRT5_Name,r0_questionnaire,,pending,BaselineMetadata.xlsx Questions sheet,Contraceptive and HRT
R0_HRT5_StartAge,r0_questionnaire,,pending,BaselineMetadata.xlsx Questions sheet,Contraceptive and HRT
R0_HRT5_StartMnth,r0_questionnaire,,pending,BaselineMetadata.xlsx Questions sheet,Contraceptive and HRT
R0_HRT5_StartYr,r0_questionnaire,,pending,BaselineMetadata.xlsx Questions sheet,Contraceptive and HRT
R0_HRT5_StopAge,r0_questionnaire,,pending,BaselineMetadata.xlsx Questions sheet,Contraceptive and HRT
R0_HRT5_StopMnth,r0_questionnaire,,pending,BaselineMetadata.xlsx Questions sheet,Contraceptive and HRT
R0_HRT5_StopYr,r0_questionnaire,,pending,BaselineMetadata.xlsx Questions sheet,Contraceptive and HRT
R0_HRT6_CurrentUse,r0_questionnaire,,pending,BaselineMetadata.xlsx Questions sheet,Contraceptive and HRT
R0_HRT6_Name,r0_questionnaire,,pending,BaselineMetadata.xlsx Questions sheet,Contraceptive and HRT
R0_HRT6_StartAge,r0_questionnaire,,pending,BaselineMetadata.xlsx Questions sheet,Contraceptive and HRT
R0_HRT6_StartMnth,r0_questionnaire,,pending,BaselineMetadata.xlsx Questions sheet,Contraceptive and HRT
R0_HRT6_StartYr,r0_questionnaire,,pending,BaselineMetadata.xlsx Questions sheet,Contraceptive and HRT
R0_HRT6_StopAge,r0_questionnaire,,pending,BaselineMetadata.xlsx Questions sheet,Contraceptive and HRT
R0_HRT6_StopMnth,r0_questionnaire,,pending,BaselineMetadata.xlsx Questions sheet,Contraceptive and HRT
R0_HRT6_StopYr,r0_questionnaire,,pending,BaselineMetadata.xlsx Questions sheet,Contraceptive and HRT
R0_HRT7_CurrentUse,r0_questionnaire,,pending,BaselineMetadata.xlsx Questions sheet,Contraceptive and HRT
R0_HRT7_Name,r0_questionnaire,,pending,BaselineMetadata.xlsx Questions sheet,Contraceptive and HRT
R0_HRT7_StartAge,r0_questionnaire,,pending,BaselineMetadata.xlsx Questions sheet,Contraceptive and HRT
R0_HRT7_StartMnth,r0_questionnaire,,pending,BaselineMetadata.xlsx Questions sheet,Contraceptive and HRT
R0_HRT7_StartYr,r0_questionnaire,,pending,BaselineMetadata.xlsx Questions sheet,Contraceptive and HRT
R0_HRT7_StopAge,r0_questionnaire,,pending,BaselineMetadata.xlsx Questions sheet,Contraceptive and HRT
R0_HRT7_StopMnth,r0_questionnaire,,pending,BaselineMetadata.xlsx Questions sheet,Contraceptive and HRT
R0_HRT7_StopYr,r0_questionnaire,,pending,BaselineMetadata.xlsx Questions sheet,Contraceptive and HRT
R0_HRT8_CurrentUse,r0_questionnaire,,pending,BaselineMetadata.xlsx Questions sheet,Contraceptive and HRT
R0_HRT8_Name,r0_questionnaire,,pending,BaselineMetadata.xlsx Questions sheet,Contraceptive and HRT
R0_HRT8_StartAge,r0_questionnaire,,pending,BaselineMetadata.xlsx Questions sheet,Contraceptive and HRT
R0_HRT8_StartMnth,r0_questionnaire,,pending,BaselineMetadata.xlsx Questions sheet,Contraceptive and HRT
R0_HRT8_StartYr,r0_questionnaire,,pending,BaselineMetadata.xlsx Questions sheet,Contraceptive and HRT
R0_HRT8_StopAge,r0_questionnaire,,pending,BaselineMetadata.xlsx Questions sheet,Contraceptive and HRT
R0_HRT8_StopMnth,r0_questionnaire,,pending,BaselineMetadata.xlsx Questions sheet,Contraceptive and HRT
R0_HRT8_StopYr,r0_questionnaire,,pending,BaselineMetadata.xlsx Questions sheet,Contraceptive and HRT
R0_HRTPeriodsUnclear,r0_questionnaire,,pending,BaselineMetadata.xlsx Questions sheet,Menstrual and Menopause
R0_HRT_HrmnLevelsChecked,r0_questionnaire,,pending,BaselineMetadata.xlsx Questions sheet,Contraceptive and HRT
R0_HRT_MoreThanEight,r0_questionnaire,,pending,BaselineMetadata.xlsx Questions sheet,Contraceptive and HRT
R0_HRT_MoreThanThree,r0_questionnaire,,pending,BaselineMetadata.xlsx Questions sheet,Contraceptive and HRT
R0_HRT_Use,r0_questionnaire,,pending,BaselineMetadata.xlsx Questions sheet,Contraceptive and HRT
R0_HghtAge20_Cm,r0_questionnaire,,pending,BaselineMetadata.xlsx Questions sheet,Physical Development
R0_HghtAge20_Ft,r0_questionnaire,,pending,BaselineMetadata.xlsx Questions sheet,Physical Development
R0_HghtAge20_In,r0_questionnaire,,pending,BaselineMetadata.xlsx Questions sheet,Physical Development
R0_HghtComp_11,r0_questionnaire,,pending,BaselineMetadata.xlsx Questions sheet,Physical Development
R0_HghtComp_7,r0_questionnaire,,pending,BaselineMetadata.xlsx Questions sheet,Physical Development
R0_HighestWght_Age,r0_questionnaire,,pending,BaselineMetadata.xlsx Questions sheet,Physical Development
R0_HighestWght_Kg,r0_questionnaire,,pending,BaselineMetadata.xlsx Questions sheet,Physical Development
R0_HighestWght_Lbs,r0_questionnaire,,pending,BaselineMetadata.xlsx Questions sheet,Physical Development
R0_HighestWght_St,r0_questionnaire,,pending,BaselineMetadata.xlsx Questions sheet,Physical Development
R0_HipCircum_Cm,r0_questionnaire,,pending,BaselineMetadata.xlsx Questions sheet,Physical Development
R0_HipCircum_In,r0_questionnaire,,pending,BaselineMetadata.xlsx Questions sheet,Physical Development
R0_HipCircum_When,r0_questionnaire,,pending,BaselineMetadata.xlsx Questions sheet,Physical Development
R0_HospName,r0_questionnaire,,pending,BaselineMetadata.xlsx Questions sheet,Birth Details
R0_HotFlashes,r0_questionnaire,,pending,BaselineMetadata.xlsx Questions sheet,Menstrual and Menopause
R0_HowPeriodsReg,r0_questionnaire,,pending,BaselineMetadata.xlsx Questions sheet,Menstrual and Menopause
R0_IbuprofenDays,r0_questionnaire,,pending,BaselineMetadata.xlsx Questions sheet,Medical history: drugs and suppliments
R0_IbuprofenEndAgeEp,r0_questionnaire,,pending,BaselineMetadata.xlsx Questions sheet,Medical history: drugs and suppliments
R0_IbuprofenEndMnthEp,r0_questionnaire,,pending,BaselineMetadata.xlsx Questions sheet,Medical history: drugs and suppliments
R0_IbuprofenEndYrEp,r0_questionnaire,,pending,BaselineMetadata.xlsx Questions sheet,Medical history: drugs and suppliments
R0_IbuprofenMoreEpisodes,r0_questionnaire,,pending,BaselineMetadata.xlsx Questions sheet,Medical history: drugs and suppliments
R0_IbuprofenOngoingEp,r0_questionnaire,,pending,BaselineMetadata.xlsx Questions sheet,Medical history: drugs and suppliments
R0_IbuprofenRecentUse,r0_questionnaire,,pending,BaselineMetadata.xlsx Questions sheet,Medical history: drugs and suppliments
R0_IbuprofenRegularEp,r0_questionnaire,,pending,BaselineMetadata.xlsx Questions sheet,Medical history: drugs and suppliments
R0_IbuprofenStartAgeEp,r0_questionnaire,,pending,BaselineMetadata.xlsx Questions sheet,Medical history: drugs and suppliments
R0_IbuprofenStartMnthEp,r0_questionnaire,,pending,BaselineMetadata.xlsx Questions sheet,Medical history: drugs and suppliments
R0_IbuprofenStartYrEp,r0_questionnaire,,pending,BaselineMetadata.xlsx Questions sheet,Medical history: drugs and suppliments
R0_InfertilityAge,r0_questionnaire,,pending,BaselineMetadata.xlsx Questions sheet,Fertility and Pregnancies
R0_InfertilityDiagnosis,r0_questionnaire,,pending,BaselineMetadata.xlsx Questions sheet,Fertility and Pregnancies
R0_InfertilityPeriod,r0_questionnaire,,pending,BaselineMetadata.xlsx Questions sheet,Fertility and Pregnancies
R0_InfertilityReason,r0_questionnaire,,pending,BaselineMetadata.xlsx Questions sheet,Fertility and Pregnancies
R0_InfertilityReasonOther,r0_questionnaire,,pending,BaselineMetadata.xlsx Questions sheet,Fertility and Pregnancies
R0_InstitutionName1,r0_questionnaire,,pending,BaselineMetadata.xlsx Questions sheet,Physical Development
R0_InstitutionName2,r0_questionnaire,,pending,BaselineMetadata.xlsx Questions sheet,Physical Development
R0_InstitutionTown1,r0_questionnaire,,pending,BaselineMetadata.xlsx Questions sheet,Physical Development
R0_InstitutionTown2,r0_questionnaire,,pending,BaselineMetadata.xlsx Questions sheet,Physical Development
R0_IonizingRadiationJob,r0_questionnaire,,pending,BaselineMetadata.xlsx Questions sheet,Jobs
R0_IrregularCycles_20,r0_questionnaire,,pending,BaselineMetadata.xlsx Questions sheet,Menstrual and Menopause
R0_IrregularCycles_40,r0_questionnaire,,pending,BaselineMetadata.xlsx Questions sheet,Menstrual and Menopause
R0_IrregularCycles_Cur,r0_questionnaire,,pending,BaselineMetadata.xlsx Questions sheet,Menstrual and Menopause
R0_KidneyPyelogramXray,r0_questionnaire,,pending,BaselineMetadata.xlsx Questions sheet,X-rays
R0_LargeTimeDiffFlights,r0_questionnaire,,pending,BaselineMetadata.xlsx Questions sheet,Other Lifestyle Factors
R0_LastPregWghtKG,r0_questionnaire,,pending,BaselineMetadata.xlsx Questions sheet,Fertility and Pregnancies
R0_LastPregWghtStone,r0_questionnaire,,pending,BaselineMetadata.xlsx Questions sheet,Fertility and Pregnancies
R0_LastPregWghtlbs,r0_questionnaire,,pending,BaselineMetadata.xlsx Questions sheet,Fertility and Pregnancies
R0_Lbs_BirthWght,r0_questionnaire,,pending,BaselineMetadata.xlsx Questions sheet,Birth Details
R0_LeftEducAge,r0_questionnaire,general_information,converted,BaselineMetadata.xlsx Questions sheet,General Information
R0_LightExerciseDays,r0_questionnaire,,pending,BaselineMetadata.xlsx Questions sheet,Physical Activity
R0_LightExerciseHours,r0_questionnaire,,pending,BaselineMetadata.xlsx Questions sheet,Physical Activity
R0_LightExerciseMinutes,r0_questionnaire,,pending,BaselineMetadata.xlsx Questions sheet,Physical Activity
R0_LongFlightsMonth,r0_questionnaire,,pending,BaselineMetadata.xlsx Questions sheet,Other Lifestyle Factors
R0_LowestWght_Age,r0_questionnaire,,pending,BaselineMetadata.xlsx Questions sheet,Physical Development
R0_LowestWght_Kg,r0_questionnaire,,pending,BaselineMetadata.xlsx Questions sheet,Physical Development
R0_LowestWght_Lbs,r0_questionnaire,,pending,BaselineMetadata.xlsx Questions sheet,Physical Development
R0_LowestWght_St,r0_questionnaire,,pending,BaselineMetadata.xlsx Questions sheet,Physical Development
R0_LungStomachArteriogram,r0_questionnaire,,pending,BaselineMetadata.xlsx Questions sheet,X-rays
R0_Mammogram,r0_questionnaire,,pending,BaselineMetadata.xlsx Questions sheet,Mammograms
R0_Mammogram_Abnormal,r0_questionnaire,,pending,BaselineMetadata.xlsx Questions sheet,Mammograms
R0_Mammogram_AbnormalAge,r0_questionnaire,,pending,BaselineMetadata.xlsx Questions sheet,Mammograms
R0_Mammogram_AbnormalDesc,r0_questionnaire,,pending,BaselineMetadata.xlsx Questions sheet,Mammograms
R0_Mammogram_Age1,r0_questionnaire,,pending,BaselineMetadata.xlsx Questions sheet,Mammograms
R0_Mammogram_Details,r0_questionnaire,,pending,BaselineMetadata.xlsx Questions sheet,Mammograms
R0_Mammogram_Number,r0_questionnaire,,pending,BaselineMetadata.xlsx Questions sheet,Mammograms
R0_Mammogram_WhereL1,r0_questionnaire,,pending,BaselineMetadata.xlsx Questions sheet,Mammograms
R0_Mammogram_WhereL2,r0_questionnaire,,pending,BaselineMetadata.xlsx Questions sheet,Mammograms
R0_Mammogram_Yr,r0_questionnaire,,pending,BaselineMetadata.xlsx Questions sheet,Mammograms
R0_ManualLaborDays,r0_questionnaire,,pending,BaselineMetadata.xlsx Questions sheet,Physical Activity
R0_ManualLaborHours,r0_questionnaire,,pending,BaselineMetadata.xlsx Questions sheet,Physical Activity
R0_ManualLaborMinutes,r0_questionnaire,,pending,BaselineMetadata.xlsx Questions sheet,Physical Activity
R0_MaritalStatus,r0_questionnaire,general_information,converted,BaselineMetadata.xlsx Questions sheet,General Information
R0_MaritalStatusOther,r0_questionnaire,general_information,converted,BaselineMetadata.xlsx Questions sheet,General Information
R0_MatPregWks,r0_questionnaire,,pending,BaselineMetadata.xlsx Questions sheet,Birth Details
R0_MatPregWks_Unkn,r0_questionnaire,,pending,BaselineMetadata.xlsx Questions sheet,Birth Details
R0_MatPrevPreg,r0_questionnaire,,pending,BaselineMetadata.xlsx Questions sheet,Birth Details
R0_MatPrevPreg_Unkn,r0_questionnaire,,pending,BaselineMetadata.xlsx Questions sheet,Birth Details
R0_MeatConsumption,r0_questionnaire,,pending,BaselineMetadata.xlsx Questions sheet,"Alcohol, Smoking, and Diet"
R0_MeatDaysRecentWeek,r0_questionnaire,,pending,BaselineMetadata.xlsx Questions sheet,"Alcohol, Smoking, and Diet"
R0_MeatLastAge,r0_questionnaire,,pending,BaselineMetadata.xlsx Questions sheet,"Alcohol, Smoking, and Diet"
R0_MeatNever,r0_questionnaire,,pending,BaselineMetadata.xlsx Questions sheet,"Alcohol, Smoking, and Diet"
R0_MedAbnorm_Dets,r0_questionnaire,,pending,BaselineMetadata.xlsx Questions sheet,Birth Details
R0_MediumFlightsMonth,r0_questionnaire,,pending,BaselineMetadata.xlsx Questions sheet,Other Lifestyle Factors
R0_MediumTimeDiffFlights,r0_questionnaire,,pending,BaselineMetadata.xlsx Questions sheet,Other Lifestyle Factors
R0_MelatoninUse,r0_questionnaire,,pending,BaselineMetadata.xlsx Questions sheet,Medical history: drugs and suppliments
R0_MenopauseAge,r0_questionnaire,,pending,BaselineMetadata.xlsx Questions sheet,Menstrual and Menopause
R0_MoreChildrenCancer,r0_questionnaire,,pending,BaselineMetadata.xlsx Questions sheet,Relatives
R0_MoreDrugEpisodesFirstBC,r0_questionnaire,,pending,BaselineMetadata.xlsx Questions sheet,Breast Cancer
R0_MoreNonBreastCancers,r0_questionnaire,,pending,BaselineMetadata.xlsx Questions sheet,Medical history: cancers and benign tumours
R0_MoreOvaryUterusOp,r0_questionnaire,,pending,BaselineMetadata.xlsx Questions sheet,Menstrual and Menopause
R0_MoreThanFiveSiblings,r0_questionnaire,,pending,BaselineMetadata.xlsx Questions sheet,Relatives
R0_MoreThanFour_OUOp,r0_questionnaire,,pending,BaselineMetadata.xlsx Questions sheet,Menstrual and Menopause
R0_MotherBirthCountry,r0_questionnaire,,pending,BaselineMetadata.xlsx Questions sheet,Relatives
R0_MotherBirthCountryOther,r0_questionnaire,,pending,BaselineMetadata.xlsx Questions sheet,Relatives
R0_MotherCancerHistory,r0_questionnaire,,pending,BaselineMetadata.xlsx Questions sheet,Relatives
R0_MotherCancerType,r0_questionnaire,,pending,BaselineMetadata.xlsx Questions sheet,Cancer in family
R0_MotherCancerYear,r0_questionnaire,,pending,BaselineMetadata.xlsx Questions sheet,Cancer in family
R0_MotherCancerYearUnknown,r0_questionnaire,,pending,BaselineMetadata.xlsx Questions sheet,Cancer in family
R0_MotherCauseOfDeath,r0_questionnaire,,pending,BaselineMetadata.xlsx Questions sheet,Relatives
R0_MotherDOB_Day,r0_questionnaire,,pending,BaselineMetadata.xlsx Questions sheet,Relatives
R0_MotherDOB_Month,r0_questionnaire,,pending,BaselineMetadata.xlsx Questions sheet,Relatives
R0_MotherDOB_Unknown,r0_questionnaire,,pending,BaselineMetadata.xlsx Questions sheet,Relatives
R0_MotherDOB_Year,r0_questionnaire,,pending,BaselineMetadata.xlsx Questions sheet,Relatives
R0_MotherDOD_Day,r0_questionnaire,,pending,BaselineMetadata.xlsx Questions sheet,Relatives
R0_MotherDOD_Month,r0_questionnaire,,pending,BaselineMetadata.xlsx Questions sheet,Relatives
R0_MotherDOD_Unknown,r0_questionnaire,,pending,BaselineMetadata.xlsx Questions sheet,Relatives
R0_MotherDOD_Year,r0_questionnaire,,pending,BaselineMetadata.xlsx Questions sheet,Relatives
R0_MotherFirstName,r0_questionnaire,,pending,BaselineMetadata.xlsx Questions sheet,Relatives
R0_MotherHeightFeet,r0_questionnaire,,pending,BaselineMetadata.xlsx Questions sheet,Relatives
R0_MotherHeightInches,r0_questionnaire,,pending,BaselineMetadata.xlsx Questions sheet,Relatives
R0_MotherMaidenName,r0_questionnaire,,pending,BaselineMetadata.xlsx Questions sheet,Relatives
R0_MotherSurname,r0_questionnaire,,pending,BaselineMetadata.xlsx Questions sheet,Relatives
R0_MotherVitalStatus,r0_questionnaire,,pending,BaselineMetadata.xlsx Questions sheet,Relatives
R0_Mother_PreEclampsia,r0_questionnaire,,pending,BaselineMetadata.xlsx Questions sheet,Birth Details
R0_Mother_PregComp,r0_questionnaire,,pending,BaselineMetadata.xlsx Questions sheet,Birth Details
R0_NHSnum,r0_questionnaire,general_information,converted,BaselineMetadata.xlsx Questions sheet,General Information
R0_NeverRegularCycles,r0_questionnaire,,pending,BaselineMetadata.xlsx Questions sheet,Menstrual and Menopause
R0_NightWakeups,r0_questionnaire,,pending,BaselineMetadata.xlsx Questions sheet,Other Lifestyle Factors
R0_NightWorkDaysWeek,r0_questionnaire,,pending,BaselineMetadata.xlsx Questions sheet,Jobs
R0_NightWorkEndYr,r0_questionnaire,,pending,BaselineMetadata.xlsx Questions sheet,Jobs
R0_NightWorkHrsWeek,r0_questionnaire,,pending,BaselineMetadata.xlsx Questions sheet,Jobs
R0_NightWorkMore,r0_questionnaire,,pending,BaselineMetadata.xlsx Questions sheet,Jobs
R0_NightWorkRecentTenYrs,r0_questionnaire,,pending,BaselineMetadata.xlsx Questions sheet,Jobs
R0_NightWorkStartYr,r0_questionnaire,,pending,BaselineMetadata.xlsx Questions sheet,Jobs
R0_NightWorkType,r0_questionnaire,,pending,BaselineMetadata.xlsx Questions sheet,Jobs
R0_NonBCDrugDurationMnths,r0_questionnaire,,pending,BaselineMetadata.xlsx Questions sheet,Medical history: drugs and suppliments
R0_NonBCDrugDurationYrs,r0_questionnaire,,pending,BaselineMetadata.xlsx Questions sheet,Medical history: drugs and suppliments
R0_NonBCDrugEpisodes,r0_questionnaire,,pending,BaselineMetadata.xlsx Questions sheet,Medical history: drugs and suppliments
R0_NonBCDrugOngoing,r0_questionnaire,,pending,BaselineMetadata.xlsx Questions sheet,Medical history: drugs and suppliments
R0_NonBCDrugStartAge,r0_questionnaire,,pending,BaselineMetadata.xlsx Questions sheet,Medical history: drugs and suppliments
R0_NonBCDrugType,r0_questionnaire,,pending,BaselineMetadata.xlsx Questions sheet,Medical history: drugs and suppliments
R0_NonBCTamoxRaloxUse,r0_questionnaire,,pending,BaselineMetadata.xlsx Questions sheet,Medical history: drugs and suppliments
R0_Occupation,r0_questionnaire,general_information,converted,BaselineMetadata.xlsx Questions sheet,General Information
R0_OtherCancerBenignTumor1,r0_questionnaire,,pending,BaselineMetadata.xlsx Questions sheet,Medical history: cancers and benign tumours
R0_OtherCancerBenignTumor2,r0_questionnaire,,pending,BaselineMetadata.xlsx Questions sheet,Medical history: cancers and benign tumours
R0_OtherCancerBenignTumor3,r0_questionnaire,,pending,BaselineMetadata.xlsx Questions sheet,Medical history: cancers and benign tumours
R0_OtherCancerBodyPart1,r0_questionnaire,,pending,BaselineMetadata.xlsx Questions sheet,Medical history: cancers and benign tumours
R0_OtherCancerBodyPart2,r0_questionnaire,,pending,BaselineMetadata.xlsx Questions sheet,Medical history: cancers and benign tumours
R0_OtherCancerBodyPart3,r0_questionnaire,,pending,BaselineMetadata.xlsx Questions sheet,Medical history: cancers and benign tumours
R0_OtherCancerDiagnosisAge1,r0_questionnaire,,pending,BaselineMetadata.xlsx Questions sheet,Medical history: cancers and benign tumours
R0_OtherCancerDiagnosisAge2,r0_questionnaire,,pending,BaselineMetadata.xlsx Questions sheet,Medical history: cancers and benign tumours
R0_OtherCancerDiagnosisAge3,r0_questionnaire,,pending,BaselineMetadata.xlsx Questions sheet,Medical history: cancers and benign tumours
R0_OtherCancerDiagnosisYr1,r0_questionnaire,,pending,BaselineMetadata.xlsx Questions sheet,Medical history: cancers and benign tumours
R0_OtherCancerDiagnosisYr2,r0_questionnaire,,pending,BaselineMetadata.xlsx Questions sheet,Medical history: cancers and benign tumours
R0_OtherCancerDiagnosisYr3,r0_questionnaire,,pending,BaselineMetadata.xlsx Questions sheet,Medical history: cancers and benign tumours
R0_OtherCancerHospital,r0_questionnaire,,pending,BaselineMetadata.xlsx Questions sheet,Medical history: cancers and benign tumours
R0_OtherCancerOtherBodyPart,r0_questionnaire,,pending,BaselineMetadata.xlsx Questions sheet,Medical history: cancers and benign tumours
R0_OtherCancerOtherType,r0_questionnaire,,pending,BaselineMetadata.xlsx Questions sheet,Medical history: cancers and benign tumours
R0_OtherCancerTown,r0_questionnaire,,pending,BaselineMetadata.xlsx Questions sheet,Medical history: cancers and benign tumours
R0_OtherCancerType,r0_questionnaire,,pending,BaselineMetadata.xlsx Questions sheet,Medical history: cancers and benign tumours
R0_OtherContracep1_CurrentUse,r0_questionnaire,,pending,BaselineMetadata.xlsx Questions sheet,Contraceptive and HRT
R0_OtherContracep1_Name,r0_questionnaire,,pending,BaselineMetadata.xlsx Questions sheet,Contraceptive and HRT
R0_OtherContracep1_StartAge,r0_questionnaire,,pending,BaselineMetadata.xlsx Questions sheet,Contraceptive and HRT
R0_OtherContracep1_StopAge,r0_questionnaire,,pending,BaselineMetadata.xlsx Questions sheet,Contraceptive and HRT
R0_OtherContracep2_CurrentUse,r0_questionnaire,,pending,BaselineMetadata.xlsx Questions sheet,Contraceptive and HRT
R0_OtherContracep2_Name,r0_questionnaire,,pending,BaselineMetadata.xlsx Questions sheet,Contraceptive and HRT
R0_OtherContracep2_StartAge,r0_questionnaire,,pending,BaselineMetadata.xlsx Questions sheet,Contraceptive and HRT
R0_OtherContracep2_StopAge,r0_questionnaire,,pending,BaselineMetadata.xlsx Questions sheet,Contraceptive and HRT
R0_OtherContracep3_CurrentUse,r0_questionnaire,,pending,BaselineMetadata.xlsx Questions sheet,Contraceptive and HRT
R0_OtherContracep3_Name,r0_questionnaire,,pending,BaselineMetadata.xlsx Questions sheet,Contraceptive and HRT
R0_OtherContracep3_StartAge,r0_questionnaire,,pending,BaselineMetadata.xlsx Questions sheet,Contraceptive and HRT
R0_OtherContracep3_StartMnth,r0_questionnaire,,pending,BaselineMetadata.xlsx Questions sheet,Contraceptive and HRT
R0_OtherContracep3_StartYr,r0_questionnaire,,pending,BaselineMetadata.xlsx Questions sheet,Contraceptive and HRT
R0_OtherContracep3_StopAge,r0_questionnaire,,pending,BaselineMetadata.xlsx Questions sheet,Contraceptive and HRT
R0_OtherContracep3_StopMnth,r0_questionnaire,,pending,BaselineMetadata.xlsx Questions sheet,Contraceptive and HRT
R0_OtherContracep3_StopYr,r0_questionnaire,,pending,BaselineMetadata.xlsx Questions sheet,Contraceptive and HRT
R0_OtherContracep4_CurrentUse,r0_questionnaire,,pending,BaselineMetadata.xlsx Questions sheet,Contraceptive and HRT
R0_OtherContracep4_Name,r0_questionnaire,,pending,BaselineMetadata.xlsx Questions sheet,Contraceptive and HRT
R0_OtherContracep4_StartAge,r0_questionnaire,,pending,BaselineMetadata.xlsx Questions sheet,Contraceptive and HRT
R0_OtherContracep4_StartMnth,r0_questionnaire,,pending,BaselineMetadata.xlsx Questions sheet,Contraceptive and HRT
R0_OtherContracep4_StartYr,r0_questionnaire,,pending,BaselineMetadata.xlsx Questions sheet,Contraceptive and HRT
R0_OtherContracep4_StopAge,r0_questionnaire,,pending,BaselineMetadata.xlsx Questions sheet,Contraceptive and HRT
R0_OtherContracep4_StopMnth,r0_questionnaire,,pending,BaselineMetadata.xlsx Questions sheet,Contraceptive and HRT
R0_OtherContracep4_StopYr,r0_questionnaire,,pending,BaselineMetadata.xlsx Questions sheet,Contraceptive and HRT
R0_OtherContracep5_CurrentUse,r0_questionnaire,,pending,BaselineMetadata.xlsx Questions sheet,Contraceptive and HRT
R0_OtherContracep5_Name,r0_questionnaire,,pending,BaselineMetadata.xlsx Questions sheet,Contraceptive and HRT
R0_OtherContracep5_StartAge,r0_questionnaire,,pending,BaselineMetadata.xlsx Questions sheet,Contraceptive and HRT
R0_OtherContracep5_StartMnth,r0_questionnaire,,pending,BaselineMetadata.xlsx Questions sheet,Contraceptive and HRT
R0_OtherContracep5_StartYr,r0_questionnaire,,pending,BaselineMetadata.xlsx Questions sheet,Contraceptive and HRT
R0_OtherContracep5_Still,r0_questionnaire,,pending,BaselineMetadata.xlsx Questions sheet,Contraceptive and HRT
R0_OtherContracep5_StopAge,r0_questionnaire,,pending,BaselineMetadata.xlsx Questions sheet,Contraceptive and HRT
R0_OtherContracep5_StopMnth,r0_questionnaire,,pending,BaselineMetadata.xlsx Questions sheet,Contraceptive and HRT
R0_OtherContracep5_StopYr,r0_questionnaire,,pending,BaselineMetadata.xlsx Questions sheet,Contraceptive and HRT
R0_OtherContracep_MoreThan5,r0_questionnaire,,pending,BaselineMetadata.xlsx Questions sheet,Contraceptive and HRT
R0_OtherContracep_MoreThanTwo,r0_questionnaire,,pending,BaselineMetadata.xlsx Questions sheet,Contraceptive and HRT
R0_OtherHormonalContracep,r0_questionnaire,,pending,BaselineMetadata.xlsx Questions sheet,Contraceptive and HRT
R0_OtherModerateExerciseDays,r0_questionnaire,,pending,BaselineMetadata.xlsx Questions sheet,Physical Activity
R0_OtherModerateExerciseHours,r0_questionnaire,,pending,BaselineMetadata.xlsx Questions sheet,Physical Activity
R0_OtherModerateExerciseMinutes,r0_questionnaire,,pending,BaselineMetadata.xlsx Questions sheet,Physical Activity
R0_OtherName,r0_questionnaire,general_information,converted,BaselineMetadata.xlsx Questions sheet,General Information
R0_OtherOvarianUterineDesc,r0_questionnaire,,pending,BaselineMetadata.xlsx Questions sheet,Menstrual and Menopause
R0_OtherOvarianUterineDisease,r0_questionnaire,,pending,BaselineMetadata.xlsx Questions sheet,Menstrual and Menopause
R0_OtherPainkillersDays,r0_questionnaire,,pending,BaselineMetadata.xlsx Questions sheet,Medical history: drugs and suppliments
R0_OtherPainkillersEndAge,r0_questionnaire,,pending,BaselineMetadata.xlsx Questions sheet,Medical history: drugs and suppliments
R0_OtherPainkillersEndMth,r0_questionnaire,,pending,BaselineMetadata.xlsx Questions sheet,Medical history: drugs and suppliments
R0_OtherPainkillersEndYr,r0_questionnaire,,pending,BaselineMetadata.xlsx Questions sheet,Medical history: drugs and suppliments
R0_OtherPainkillersMoreEpisodes,r0_questionnaire,,pending,BaselineMetadata.xlsx Questions sheet,Medical history: drugs and suppliments
R0_OtherPainkillersMoreThanFive,r0_questionnaire,,pending,BaselineMetadata.xlsx Questions sheet,Medical history: drugs and suppliments
R0_OtherPainkillersName,r0_questionnaire,,pending,BaselineMetadata.xlsx Questions sheet,Medical history: drugs and suppliments
R0_OtherPainkillersOngoing,r0_questionnaire,,pending,BaselineMetadata.xlsx Questions sheet,Medical history: drugs and suppliments
R0_OtherPainkillersRecentUse,r0_questionnaire,,pending,BaselineMetadata.xlsx Questions sheet,Medical history: drugs and suppliments
R0_OtherPainkillersRegular,r0_questionnaire,,pending,BaselineMetadata.xlsx Questions sheet,Medical history: drugs and suppliments
R0_OtherPainkillersStartAge,r0_questionnaire,,pending,BaselineMetadata.xlsx Questions sheet,Medical history: drugs and suppliments
R0_OtherPainkillersStartMth,r0_questionnaire,,pending,BaselineMetadata.xlsx Questions sheet,Medical history: drugs and suppliments
R0_OtherPainkillersStartYr,r0_questionnaire,,pending,BaselineMetadata.xlsx Questions sheet,Medical history: drugs and suppliments
R0_OtherRecentPainkillerName,r0_questionnaire,,pending,BaselineMetadata.xlsx Questions sheet,Medical history: drugs and suppliments
R0_OtherSexHrmn1_CurrentUse,r0_questionnaire,,pending,BaselineMetadata.xlsx Questions sheet,Contraceptive and HRT
R0_OtherSexHrmn1_Name,r0_questionnaire,,pending,BaselineMetadata.xlsx Questions sheet,Contraceptive and HRT
R0_OtherSexHrmn1_StartAge,r0_questionnaire,,pending,BaselineMetadata.xlsx Questions sheet,Contraceptive and HRT
R0_OtherSexHrmn1_StopAge,r0_questionnaire,,pending,BaselineMetadata.xlsx Questions sheet,Contraceptive and HRT
R0_OtherSexHrmn2_CurrentUse,r0_questionnaire,,pending,BaselineMetadata.xlsx Questions sheet,Contraceptive and HRT
R0_OtherSexHrmn2_Name,r0_questionnaire,,pending,BaselineMetadata.xlsx Questions sheet,Contraceptive and HRT
R0_OtherSexHrmn2_StartAge,r0_questionnaire,,pending,BaselineMetadata.xlsx Questions sheet,Contraceptive and HRT
R0_OtherSexHrmn2_StopAge,r0_questionnaire,,pending,BaselineMetadata.xlsx Questions sheet,Contraceptive and HRT
R0_OtherSexHrmn3_CurrentUse,r0_questionnaire,,pending,BaselineMetadata.xlsx Questions sheet,Contraceptive and HRT
R0_OtherSexHrmn3_Name,r0_questionnaire,,pending,BaselineMetadata.xlsx Questions sheet,Contraceptive and HRT
R0_OtherSexHrmn3_StartAge,r0_questionnaire,,pending,BaselineMetadata.xlsx Questions sheet,Contraceptive and HRT
R0_OtherSexHrmn3_StartMnth,r0_questionnaire,,pending,BaselineMetadata.xlsx Questions sheet,Contraceptive and HRT
R0_OtherSexHrmn3_StartYr,r0_questionnaire,,pending,BaselineMetadata.xlsx Questions sheet,Contraceptive and HRT
R0_OtherSexHrmn3_StopAge,r0_questionnaire,,pending,BaselineMetadata.xlsx Questions sheet,Contraceptive and HRT
R0_OtherSexHrmn3_StopMnth,r0_questionnaire,,pending,BaselineMetadata.xlsx Questions sheet,Contraceptive and HRT
R0_OtherSexHrmn3_StopYr,r0_questionnaire,,pending,BaselineMetadata.xlsx Questions sheet,Contraceptive and HRT
R0_OtherSexHrmn4_CurrentUse,r0_questionnaire,,pending,BaselineMetadata.xlsx Questions sheet,Contraceptive and HRT
R0_OtherSexHrmn4_Name,r0_questionnaire,,pending,BaselineMetadata.xlsx Questions sheet,Contraceptive and HRT
R0_OtherSexHrmn4_StartAge,r0_questionnaire,,pending,BaselineMetadata.xlsx Questions sheet,Contraceptive and HRT
R0_OtherSexHrmn4_StartMnth,r0_questionnaire,,pending,BaselineMetadata.xlsx Questions sheet,Contraceptive and HRT
R0_OtherSexHrmn4_StartYr,r0_questionnaire,,pending,BaselineMetadata.xlsx Questions sheet,Contraceptive and HRT
R0_OtherSexHrmn4_StopAge,r0_questionnaire,,pending,BaselineMetadata.xlsx Questions sheet,Contraceptive and HRT
R0_OtherSexHrmn4_StopMnth,r0_questionnaire,,pending,BaselineMetadata.xlsx Questions sheet,Contraceptive and HRT
R0_OtherSexHrmn4_StopYr,r0_questionnaire,,pending,BaselineMetadata.xlsx Questions sheet,Contraceptive and HRT
R0_OtherSexHrmn5_CurrentUse,r0_questionnaire,,pending,BaselineMetadata.xlsx Questions sheet,Contraceptive and HRT
R0_OtherSexHrmn5_Name,r0_questionnaire,,pending,BaselineMetadata.xlsx Questions sheet,Contraceptive and HRT
R0_OtherSexHrmn5_StartAge,r0_questionnaire,,pending,BaselineMetadata.xlsx Questions sheet,Contraceptive and HRT
R0_OtherSexHrmn5_StartMnth,r0_questionnaire,,pending,BaselineMetadata.xlsx Questions sheet,Contraceptive and HRT
R0_OtherSexHrmn5_StartYr,r0_questionnaire,,pending,BaselineMetadata.xlsx Questions sheet,Contraceptive and HRT
R0_OtherSexHrmn5_StopAge,r0_questionnaire,,pending,BaselineMetadata.xlsx Questions sheet,Contraceptive and HRT
R0_OtherSexHrmn5_StopMnth,r0_questionnaire,,pending,BaselineMetadata.xlsx Questions sheet,Contraceptive and HRT
R0_OtherSexHrmn5_StopYr,r0_questionnaire,,pending,BaselineMetadata.xlsx Questions sheet,Contraceptive and HRT
R0_OtherSexHrmn6_CurrentUse,r0_questionnaire,,pending,BaselineMetadata.xlsx Questions sheet,Contraceptive and HRT
R0_OtherSexHrmn6_Name,r0_questionnaire,,pending,BaselineMetadata.xlsx Questions sheet,Contraceptive and HRT
R0_OtherSexHrmn6_StartAge,r0_questionnaire,,pending,BaselineMetadata.xlsx Questions sheet,Contraceptive and HRT
R0_OtherSexHrmn6_StartMnth,r0_questionnaire,,pending,BaselineMetadata.xlsx Questions sheet,Contraceptive and HRT
R0_OtherSexHrmn6_StartYr,r0_questionnaire,,pending,BaselineMetadata.xlsx Questions sheet,Contraceptive and HRT
R0_OtherSexHrmn6_StopAge,r0_questionnaire,,pending,BaselineMetadata.xlsx Questions sheet,Contraceptive and HRT
R0_OtherSexHrmn6_StopMnth,r0_questionnaire,,pending,BaselineMetadata.xlsx Questions sheet,Contraceptive and HRT
R0_OtherSexHrmn6_StopYr,r0_questionnaire,,pending,BaselineMetadata.xlsx Questions sheet,Contraceptive and HRT
R0_OtherSexHrmn7_CurrentUse,r0_questionnaire,,pending,BaselineMetadata.xlsx Questions sheet,Contraceptive and HRT
R0_OtherSexHrmn7_Name,r0_questionnaire,,pending,BaselineMetadata.xlsx Questions sheet,Contraceptive and HRT
R0_OtherSexHrmn7_StartAge,r0_questionnaire,,pending,BaselineMetadata.xlsx Questions sheet,Contraceptive and HRT
R0_OtherSexHrmn7_StartMnth,r0_questionnaire,,pending,BaselineMetadata.xlsx Questions sheet,Contraceptive and HRT
R0_OtherSexHrmn7_StartYr,r0_questionnaire,,pending,BaselineMetadata.xlsx Questions sheet,Contraceptive and HRT
R0_OtherSexHrmn7_StopAge,r0_questionnaire,,pending,BaselineMetadata.xlsx Questions sheet,Contraceptive and HRT
R0_OtherSexHrmn7_StopMnth,r0_questionnaire,,pending,BaselineMetadata.xlsx Questions sheet,Contraceptive and HRT
R0_OtherSexHrmn7_StopYr,r0_questionnaire,,pending,BaselineMetadata.xlsx Questions sheet,Contraceptive and HRT
R0_OtherSexHrmnUse,r0_questionnaire,,pending,BaselineMetadata.xlsx Questions sheet,Contraceptive and HRT
R0_OtherSexHrmn_MoreSeven,r0_questionnaire,,pending,BaselineMetadata.xlsx Questions sheet,Contraceptive and HRT
R0_OtherSexHrmn_MoreThanTwo,r0_questionnaire,,pending,BaselineMetadata.xlsx Questions sheet,Contraceptive and HRT
R0_OtherSweatDays,r0_questionnaire,,pending,BaselineMetadata.xlsx Questions sheet,Physical Activity
R0_OtherSweatHours,r0_questionnaire,,pending,BaselineMetadata.xlsx Questions sheet,Physical Activity
R0_OtherSweatMinutes,r0_questionnaire,,pending,BaselineMetadata.xlsx Questions sheet,Physical Activity
R0_OtherTobaccoUse,r0_questionnaire,,pending,BaselineMetadata.xlsx Questions sheet,"Alcohol, Smoking, and Diet"
R0_OvaryOp_Age1,r0_questionnaire,,pending,BaselineMetadata.xlsx Questions sheet,Menstrual and Menopause
R0_OvaryOp_Age2,r0_questionnaire,,pending,BaselineMetadata.xlsx Questions sheet,Menstrual and Menopause
R0_OvaryOp_Age3,r0_questionnaire,,pending,BaselineMetadata.xlsx Questions sheet,Menstrual and Menopause
R0_OvaryOp_Age4,r0_questionnaire,,pending,BaselineMetadata.xlsx Questions sheet,Menstrual and Menopause
R0_OvaryOp_BothOvaries1,r0_questionnaire,,pending,BaselineMetadata.xlsx Questions sheet,Menstrual and Menopause
R0_OvaryOp_BothOvaries2,r0_questionnaire,,pending,BaselineMetadata.xlsx Questions sheet,Menstrual and Menopause
R0_OvaryOp_BothOvaries3,r0_questionnaire,,pending,BaselineMetadata.xlsx Questions sheet,Menstrual and Menopause
R0_OvaryOp_BothOvaries4,r0_questionnaire,,pending,BaselineMetadata.xlsx Questions sheet,Menstrual and Menopause
R0_OvaryOp_EndMnth3,r0_questionnaire,,pending,BaselineMetadata.xlsx Questions sheet,Menstrual and Menopause
R0_OvaryOp_EndMnth4,r0_questionnaire,,pending,BaselineMetadata.xlsx Questions sheet,Menstrual and Menopause
R0_OvaryOp_EndYr3,r0_questionnaire,,pending,BaselineMetadata.xlsx Questions sheet,Menstrual and Menopause
R0_OvaryOp_EndYr4,r0_questionnaire,,pending,BaselineMetadata.xlsx Questions sheet,Menstrual and Menopause
R0_OvaryOp_FromAge3,r0_questionnaire,,pending,BaselineMetadata.xlsx Questions sheet,Menstrual and Menopause
R0_OvaryOp_FromAge4,r0_questionnaire,,pending,BaselineMetadata.xlsx Questions sheet,Menstrual and Menopause
R0_OvaryOp_Hospital1,r0_questionnaire,,pending,BaselineMetadata.xlsx Questions sheet,Menstrual and Menopause
R0_OvaryOp_Hospital2,r0_questionnaire,,pending,BaselineMetadata.xlsx Questions sheet,Menstrual and Menopause
R0_OvaryOp_Hospital3,r0_questionnaire,,pending,BaselineMetadata.xlsx Questions sheet,Menstrual and Menopause
R0_OvaryOp_Hospital4,r0_questionnaire,,pending,BaselineMetadata.xlsx Questions sheet,Menstrual and Menopause
R0_OvaryOp_Mnth3,r0_questionnaire,,pending,BaselineMetadata.xlsx Questions sheet,Menstrual and Menopause
R0_OvaryOp_Mnth4,r0_questionnaire,,pending,BaselineMetadata.xlsx Questions sheet,Menstrual and Menopause
R0_OvaryOp_OneOvary1,r0_questionnaire,,pending,BaselineMetadata.xlsx Questions sheet,Menstrual and Menopause
R0_OvaryOp_OneOvary2,r0_questionnaire,,pending,BaselineMetadata.xlsx Questions sheet,Menstrual and Menopause
R0_OvaryOp_OneOvary3,r0_questionnaire,,pending,BaselineMetadata.xlsx Questions sheet,Menstrual and Menopause
R0_OvaryOp_OneOvary4,r0_questionnaire,,pending,BaselineMetadata.xlsx Questions sheet,Menstrual and Menopause
R0_OvaryOp_OneOvarySide1,r0_questionnaire,,pending,BaselineMetadata.xlsx Questions sheet,Menstrual and Menopause
R0_OvaryOp_OneOvarySide2,r0_questionnaire,,pending,BaselineMetadata.xlsx Questions sheet,Menstrual and Menopause
R0_OvaryOp_OneOvarySide3,r0_questionnaire,,pending,BaselineMetadata.xlsx Questions sheet,Menstrual and Menopause
R0_OvaryOp_OneOvarySide4,r0_questionnaire,,pending,BaselineMetadata.xlsx Questions sheet,Menstrual and Menopause
R0_OvaryOp_Other1,r0_questionnaire,,pending,BaselineMetadata.xlsx Questions sheet,Menstrual and Menopause
R0_OvaryOp_Other2,r0_questionnaire,,pending,BaselineMetadata.xlsx Questions sheet,Menstrual and Menopause
R0_OvaryOp_Other3,r0_questionnaire,,pending,BaselineMetadata.xlsx Questions sheet,Menstrual and Menopause
R0_OvaryOp_Other4,r0_questionnaire,,pending,BaselineMetadata.xlsx Questions sheet,Menstrual and Menopause
R0_OvaryOp_OtherOvaryDesc1,r0_questionnaire,,pending,BaselineMetadata.xlsx Questions sheet,Menstrual and Menopause
R0_OvaryOp_OtherOvaryDesc2,r0_questionnaire,,pending,BaselineMetadata.xlsx Questions sheet,Menstrual and Menopause
R0_OvaryOp_OtherOvaryDesc3,r0_questionnaire,,pending,BaselineMetadata.xlsx Questions sheet,Menstrual and Menopause
R0_OvaryOp_OtherOvaryDesc4,r0_questionnaire,,pending,BaselineMetadata.xlsx Questions sheet,Menstrual and Menopause
R0_OvaryOp_PartialOvary1,r0_questionnaire,,pending,BaselineMetadata.xlsx Questions sheet,Menstrual and Menopause
R0_OvaryOp_PartialOvary2,r0_questionnaire,,pending,BaselineMetadata.xlsx Questions sheet,Menstrual and Menopause
R0_OvaryOp_PartialOvary3,r0_questionnaire,,pending,BaselineMetadata.xlsx Questions sheet,Menstrual and Menopause
R0_OvaryOp_PartialOvary4,r0_questionnaire,,pending,BaselineMetadata.xlsx Questions sheet,Menstrual and Menopause
R0_OvaryOp_PartialOvarySide1,r0_questionnaire,,pending,BaselineMetadata.xlsx Questions sheet,Menstrual and Menopause
R0_OvaryOp_PartialOvarySide2,r0_questionnaire,,pending,BaselineMetadata.xlsx Questions sheet,Menstrual and Menopause
R0_OvaryOp_PartialOvarySide3,r0_questionnaire,,pending,BaselineMetadata.xlsx Questions sheet,Menstrual and Menopause
R0_OvaryOp_PartialOvarySide4,r0_questionnaire,,pending,BaselineMetadata.xlsx Questions sheet,Menstrual and Menopause
R0_OvaryOp_Reason1,r0_questionnaire,,pending,BaselineMetadata.xlsx Questions sheet,Menstrual and Menopause
R0_OvaryOp_Reason2,r0_questionnaire,,pending,BaselineMetadata.xlsx Questions sheet,Menstrual and Menopause
R0_OvaryOp_Reason3,r0_questionnaire,,pending,BaselineMetadata.xlsx Questions sheet,Menstrual and Menopause
R0_OvaryOp_Reason4,r0_questionnaire,,pending,BaselineMetadata.xlsx Questions sheet,Menstrual and Menopause
R0_OvaryOp_SideForOther1,r0_questionnaire,,pending,BaselineMetadata.xlsx Questions sheet,Menstrual and Menopause
R0_OvaryOp_SideForOther2,r0_questionnaire,,pending,BaselineMetadata.xlsx Questions sheet,Menstrual and Menopause
R0_OvaryOp_SideForOther3,r0_questionnaire,,pending,BaselineMetadata.xlsx Questions sheet,Menstrual and Menopause
R0_OvaryOp_SideForOther4,r0_questionnaire,,pending,BaselineMetadata.xlsx Questions sheet,Menstrual and Menopause
R0_OvaryOp_StartMnth3,r0_questionnaire,,pending,BaselineMetadata.xlsx Questions sheet,Menstrual and Menopause
R0_OvaryOp_StartMnth4,r0_questionnaire,,pending,BaselineMetadata.xlsx Questions sheet,Menstrual and Menopause
R0_OvaryOp_StartYr3,r0_questionnaire,,pending,BaselineMetadata.xlsx Questions sheet,Menstrual and Menopause
R0_OvaryOp_StartYr4,r0_questionnaire,,pending,BaselineMetadata.xlsx Questions sheet,Menstrual and Menopause
R0_OvaryOp_ToAge3,r0_questionnaire,,pending,BaselineMetadata.xlsx Questions sheet,Menstrual and Menopause
R0_OvaryOp_ToAge4,r0_questionnaire,,pending,BaselineMetadata.xlsx Questions sheet,Menstrual and Menopause
R0_OvaryOp_Town1,r0_questionnaire,,pending,BaselineMetadata.xlsx Questions sheet,Menstrual and Menopause
R0_OvaryOp_Town2,r0_questionnaire,,pending,BaselineMetadata.xlsx Questions sheet,Menstrual and Menopause
R0_OvaryOp_Town3,r0_questionnaire,,pending,BaselineMetadata.xlsx Questions sheet,Menstrual and Menopause
R0_OvaryOp_Town4,r0_questionnaire,,pending,BaselineMetadata.xlsx Questions sheet,Menstrual and Menopause
R0_OvaryOp_Uterus1,r0_questionnaire,,pending,BaselineMetadata.xlsx Questions sheet,Menstrual and Menopause
R0_OvaryOp_Uterus2,r0_questionnaire,,pending,BaselineMetadata.xlsx Questions sheet,Menstrual and Menopause
R0_OvaryOp_Uterus3,r0_questionnaire,,pending,BaselineMetadata.xlsx Questions sheet,Menstrual and Menopause
R0_OvaryOp_Uterus4,r0_questionnaire,,pending,BaselineMetadata.xlsx Questions sheet,Menstrual and Menopause
R0_OvaryOp_Yr3,r0_questionnaire,,pending,BaselineMetadata.xlsx Questions sheet,Menstrual and Menopause
R0_OvaryOp_Yr4,r0_questionnaire,,pending,BaselineMetadata.xlsx Questions sheet,Menstrual and Menopause
R0_OvaryUterusOp1,r0_questionnaire,,pending,BaselineMetadata.xlsx Questions sheet,Menstrual and Menopause
R0_OvaryUterusOp2,r0_questionnaire,,pending,BaselineMetadata.xlsx Questions sheet,Menstrual and Menopause
R0_OvaryUterusOp3,r0_questionnaire,,pending,BaselineMetadata.xlsx Questions sheet,Menstrual and Menopause
R0_OvaryUterusOpy4,r0_questionnaire,,pending,BaselineMetadata.xlsx Questions sheet,Menstrual and Menopause
R0_Oz_BirthWght,r0_questionnaire,,pending,BaselineMetadata.xlsx Questions sheet,Birth Details
R0_PartnerOccup,r0_questionnaire,general_information,converted,BaselineMetadata.xlsx Questions sheet,General Information
R0_PerceivedStress,r0_questionnaire,,pending,BaselineMetadata.xlsx Questions sheet,Other Lifestyle Factors
R0_PeriodsStoppedPerm,r0_questionnaire,,pending,BaselineMetadata.xlsx Questions sheet,Menstrual and Menopause
R0_PeriodsStoppedReason,r0_questionnaire,,pending,BaselineMetadata.xlsx Questions sheet,Menstrual and Menopause
R0_PeriodsStoppedReasonOther,r0_questionnaire,,pending,BaselineMetadata.xlsx Questions sheet,Menstrual and Menopause
R0_PhoneOne,r0_questionnaire,general_information,converted,BaselineMetadata.xlsx Questions sheet,General Information
R0_PhoneTwo,r0_questionnaire,general_information,converted,BaselineMetadata.xlsx Questions sheet,General Information
R0_PolycysticOvaries,r0_questionnaire,,pending,BaselineMetadata.xlsx Questions sheet,Menstrual and Menopause
R0_Postcode,r0_questionnaire,general_information,converted,BaselineMetadata.xlsx Questions sheet,General Information
R0_Postnatal_Incubator,r0_questionnaire,,pending,BaselineMetadata.xlsx Questions sheet,Birth Details
R0_PreMenopauseCycle,r0_questionnaire,,pending,BaselineMetadata.xlsx Questions sheet,Menstrual and Menopause
R0_PreMenopauseYrs,r0_questionnaire,,pending,BaselineMetadata.xlsx Questions sheet,Menstrual and Menopause
R0_Preg10_BirthWghtG,r0_questionnaire,,pending,BaselineMetadata.xlsx Questions sheet,Fertility and Pregnancies
R0_Preg10_BirthWghtOzs,r0_questionnaire,,pending,BaselineMetadata.xlsx Questions sheet,Fertility and Pregnancies
R0_Preg10_BirthWghtlbs,r0_questionnaire,,pending,BaselineMetadata.xlsx Questions sheet,Fertility and Pregnancies
R0_Preg10_BreastfeedingWks,r0_questionnaire,,pending,BaselineMetadata.xlsx Questions sheet,Fertility and Pregnancies
R0_Preg10_ChildSex,r0_questionnaire,,pending,BaselineMetadata.xlsx Questions sheet,Fertility and Pregnancies
R0_Preg10_DurationWks,r0_questionnaire,,pending,BaselineMetadata.xlsx Questions sheet,Fertility and Pregnancies
R0_Preg10_Eclampsia,r0_questionnaire,,pending,BaselineMetadata.xlsx Questions sheet,Fertility and Pregnancies
R0_Preg10_EndDay,r0_questionnaire,,pending,BaselineMetadata.xlsx Questions sheet,Fertility and Pregnancies
R0_Preg10_EndMnth,r0_questionnaire,,pending,BaselineMetadata.xlsx Questions sheet,Fertility and Pregnancies
R0_Preg10_EndYr,r0_questionnaire,,pending,BaselineMetadata.xlsx Questions sheet,Fertility and Pregnancies
R0_Preg10_MilkSuppression,r0_questionnaire,,pending,BaselineMetadata.xlsx Questions sheet,Fertility and Pregnancies
R0_Preg10_Outcome,r0_questionnaire,,pending,BaselineMetadata.xlsx Questions sheet,Fertility and Pregnancies
R0_Preg10_SevereVomiting,r0_questionnaire,,pending,BaselineMetadata.xlsx Questions sheet,Fertility and Pregnancies
R0_Preg11_BirthWghtG,r0_questionnaire,,pending,BaselineMetadata.xlsx Questions sheet,Fertility and Pregnancies
R0_Preg11_BirthWghtOzs,r0_questionnaire,,pending,BaselineMetadata.xlsx Questions sheet,Fertility and Pregnancies
R0_Preg11_BirthWghtlbs,r0_questionnaire,,pending,BaselineMetadata.xlsx Questions sheet,Fertility and Pregnancies
R0_Preg11_BreastfeedingWks,r0_questionnaire,,pending,BaselineMetadata.xlsx Questions sheet,Fertility and Pregnancies
R0_Preg11_ChildSex,r0_questionnaire,,pending,BaselineMetadata.xlsx Questions sheet,Fertility and Pregnancies
R0_Preg11_DurationWks,r0_questionnaire,,pending,BaselineMetadata.xlsx Questions sheet,Fertility and Pregnancies
R0_Preg11_Eclampsia,r0_questionnaire,,pending,BaselineMetadata.xlsx Questions sheet,Fertility and Pregnancies
R0_Preg11_EndDay,r0_questionnaire,,pending,BaselineMetadata.xlsx Questions sheet,Fertility and Pregnancies
R0_Preg11_EndMnth,r0_questionnaire,,pending,BaselineMetadata.xlsx Questions sheet,Fertility and Pregnancies
R0_Preg11_EndYr,r0_questionnaire,,pending,BaselineMetadata.xlsx Questions sheet,Fertility and Pregnancies
R0_Preg11_MilkSuppression,r0_questionnaire,,pending,BaselineMetadata.xlsx Questions sheet,Fertility and Pregnancies
R0_Preg11_Outcome,r0_questionnaire,,pending,BaselineMetadata.xlsx Questions sheet,Fertility and Pregnancies
R0_Preg11_SevereVomiting,r0_questionnaire,,pending,BaselineMetadata.xlsx Questions sheet,Fertility and Pregnancies
R0_Preg12_BirthWghtG,r0_questionnaire,,pending,BaselineMetadata.xlsx Questions sheet,Fertility and Pregnancies
R0_Preg12_BirthWghtOzs,r0_questionnaire,,pending,BaselineMetadata.xlsx Questions sheet,Fertility and Pregnancies
R0_Preg12_BirthWghtlbs,r0_questionnaire,,pending,BaselineMetadata.xlsx Questions sheet,Fertility and Pregnancies
R0_Preg12_BreastfeedingWks,r0_questionnaire,,pending,BaselineMetadata.xlsx Questions sheet,Fertility and Pregnancies
R0_Preg12_ChildSex,r0_questionnaire,,pending,BaselineMetadata.xlsx Questions sheet,Fertility and Pregnancies
R0_Preg12_DurationWks,r0_questionnaire,,pending,BaselineMetadata.xlsx Questions sheet,Fertility and Pregnancies
R0_Preg12_Eclampsia,r0_questionnaire,,pending,BaselineMetadata.xlsx Questions sheet,Fertility and Pregnancies
R0_Preg12_EndDay,r0_questionnaire,,pending,BaselineMetadata.xlsx Questions sheet,Fertility and Pregnancies
R0_Preg12_EndMnth,r0_questionnaire,,pending,BaselineMetadata.xlsx Questions sheet,Fertility and Pregnancies
R0_Preg12_EndYr,r0_questionnaire,,pending,BaselineMetadata.xlsx Questions sheet,Fertility and Pregnancies
R0_Preg12_MilkSuppression,r0_questionnaire,,pending,BaselineMetadata.xlsx Questions sheet,Fertility and Pregnancies
R0_Preg12_Outcome,r0_questionnaire,,pending,BaselineMetadata.xlsx Questions sheet,Fertility and Pregnancies
R0_Preg12_SevereVomiting,r0_questionnaire,,pending,BaselineMetadata.xlsx Questions sheet,Fertility and Pregnancies
R0_Preg13_BirthWghtG,r0_questionnaire,,pending,BaselineMetadata.xlsx Questions sheet,Fertility and Pregnancies
R0_Preg13_BirthWghtOzs,r0_questionnaire,,pending,BaselineMetadata.xlsx Questions sheet,Fertility and Pregnancies
R0_Preg13_BirthWghtlbs,r0_questionnaire,,pending,BaselineMetadata.xlsx Questions sheet,Fertility and Pregnancies
R0_Preg13_BreastfeedingWks,r0_questionnaire,,pending,BaselineMetadata.xlsx Questions sheet,Fertility and Pregnancies
R0_Preg13_ChildSex,r0_questionnaire,,pending,BaselineMetadata.xlsx Questions sheet,Fertility and Pregnancies
R0_Preg13_DurationWks,r0_questionnaire,,pending,BaselineMetadata.xlsx Questions sheet,Fertility and Pregnancies
R0_Preg13_Eclampsia,r0_questionnaire,,pending,BaselineMetadata.xlsx Questions sheet,Fertility and Pregnancies
R0_Preg13_EndDay,r0_questionnaire,,pending,BaselineMetadata.xlsx Questions sheet,Fertility and Pregnancies
R0_Preg13_EndMnth,r0_questionnaire,,pending,BaselineMetadata.xlsx Questions sheet,Fertility and Pregnancies
R0_Preg13_EndYr,r0_questionnaire,,pending,BaselineMetadata.xlsx Questions sheet,Fertility and Pregnancies
R0_Preg13_MilkSuppression,r0_questionnaire,,pending,BaselineMetadata.xlsx Questions sheet,Fertility and Pregnancies
R0_Preg13_Outcome,r0_questionnaire,,pending,BaselineMetadata.xlsx Questions sheet,Fertility and Pregnancies
R0_Preg13_SevereVomiting,r0_questionnaire,,pending,BaselineMetadata.xlsx Questions sheet,Fertility and Pregnancies
R0_Preg1_BirthWghtG,r0_questionnaire,,pending,BaselineMetadata.xlsx Questions sheet,Fertility and Pregnancies
R0_Preg1_BirthWghtOzs,r0_questionnaire,,pending,BaselineMetadata.xlsx Questions sheet,Fertility and Pregnancies
R0_Preg1_BirthWghtlbs,r0_questionnaire,,pending,BaselineMetadata.xlsx Questions sheet,Fertility and Pregnancies
R0_Preg1_BreastfeedingWks,r0_questionnaire,,pending,BaselineMetadata.xlsx Questions sheet,Fertility and Pregnancies
R0_Preg1_ChildSex,r0_questionnaire,,pending,BaselineMetadata.xlsx Questions sheet,Fertility and Pregnancies
R0_Preg1_DurationWks,r0_questionnaire,,pending,BaselineMetadata.xlsx Questions sheet,Fertility and Pregnancies
R0_Preg1_Eclampsia,r0_questionnaire,,pending,BaselineMetadata.xlsx Questions sheet,Fertility and Pregnancies
R0_Preg1_EndDay,r0_questionnaire,,pending,BaselineMetadata.xlsx Questions sheet,Fertility and Pregnancies
R0_Preg1_EndMnth,r0_questionnaire,,pending,BaselineMetadata.xlsx Questions sheet,Fertility and Pregnancies
R0_Preg1_EndYr,r0_questionnaire,,pending,BaselineMetadata.xlsx Questions sheet,Fertility and Pregnancies
R0_Preg1_MilkSuppression,r0_questionnaire,,pending,BaselineMetadata.xlsx Questions sheet,Fertility and Pregnancies
R0_Preg1_Outcome,r0_questionnaire,,pending,BaselineMetadata.xlsx Questions sheet,Fertility and Pregnancies
R0_Preg1_SevereVomiting,r0_questionnaire,,pending,BaselineMetadata.xlsx Questions sheet,Fertility and Pregnancies
R0_Preg2_BirthWghtG,r0_questionnaire,,pending,BaselineMetadata.xlsx Questions sheet,Fertility and Pregnancies
R0_Preg2_BirthWghtOzs,r0_questionnaire,,pending,BaselineMetadata.xlsx Questions sheet,Fertility and Pregnancies
R0_Preg2_BirthWghtlbs,r0_questionnaire,,pending,BaselineMetadata.xlsx Questions sheet,Fertility and Pregnancies
R0_Preg2_BreastfeedingWks,r0_questionnaire,,pending,BaselineMetadata.xlsx Questions sheet,Fertility and Pregnancies
R0_Preg2_ChildSex,r0_questionnaire,,pending,BaselineMetadata.xlsx Questions sheet,Fertility and Pregnancies
R0_Preg2_DurationWks,r0_questionnaire,,pending,BaselineMetadata.xlsx Questions sheet,Fertility and Pregnancies
R0_Preg2_Eclampsia,r0_questionnaire,,pending,BaselineMetadata.xlsx Questions sheet,Fertility and Pregnancies
R0_Preg2_EndDay,r0_questionnaire,,pending,BaselineMetadata.xlsx Questions sheet,Fertility and Pregnancies
R0_Preg2_EndMnth,r0_questionnaire,,pending,BaselineMetadata.xlsx Questions sheet,Fertility and Pregnancies
R0_Preg2_EndYr,r0_questionnaire,,pending,BaselineMetadata.xlsx Questions sheet,Fertility and Pregnancies
R0_Preg2_MilkSuppression,r0_questionnaire,,pending,BaselineMetadata.xlsx Questions sheet,Fertility and Pregnancies
R0_Preg2_Outcome,r0_questionnaire,,pending,BaselineMetadata.xlsx Questions sheet,Fertility and Pregnancies
R0_Preg2_SevereVomiting,r0_questionnaire,,pending,BaselineMetadata.xlsx Questions sheet,Fertility and Pregnancies
R0_Preg3_BirthWghtG,r0_questionnaire,,pending,BaselineMetadata.xlsx Questions sheet,Fertility and Pregnancies
R0_Preg3_BirthWghtOzs,r0_questionnaire,,pending,BaselineMetadata.xlsx Questions sheet,Fertility and Pregnancies
R0_Preg3_BirthWghtlbs,r0_questionnaire,,pending,BaselineMetadata.xlsx Questions sheet,Fertility and Pregnancies
R0_Preg3_BreastfeedingWks,r0_questionnaire,,pending,BaselineMetadata.xlsx Questions sheet,Fertility and Pregnancies
R0_Preg3_ChildSex,r0_questionnaire,,pending,BaselineMetadata.xlsx Questions sheet,Fertility and Pregnancies
R0_Preg3_DurationWks,r0_questionnaire,,pending,BaselineMetadata.xlsx Questions sheet,Fertility and Pregnancies
R0_Preg3_Eclampsia,r0_questionnaire,,pending,BaselineMetadata.xlsx Questions sheet,Fertility and Pregnancies
R0_Preg3_EndDay,r0_questionnaire,,pending,BaselineMetadata.xlsx Questions sheet,Fertility and Pregnancies
R0_Preg3_EndMnth,r0_questionnaire,,pending,BaselineMetadata.xlsx Questions sheet,Fertility and Pregnancies
R0_Preg3_EndYr,r0_questionnaire,,pending,BaselineMetadata.xlsx Questions sheet,Fertility and Pregnancies
R0_Preg3_MilkSuppression,r0_questionnaire,,pending,BaselineMetadata.xlsx Questions sheet,Fertility and Pregnancies
R0_Preg3_Outcome,r0_questionnaire,,pending,BaselineMetadata.xlsx Questions sheet,Fertility and Pregnancies
R0_Preg3_SevereVomiting,r0_questionnaire,,pending,BaselineMetadata.xlsx Questions sheet,Fertility and Pregnancies
R0_Preg4_BirthWghtG,r0_questionnaire,,pending,BaselineMetadata.xlsx Questions sheet,Fertility and Pregnancies
R0_Preg4_BirthWghtOzs,r0_questionnaire,,pending,BaselineMetadata.xlsx Questions sheet,Fertility and Pregnancies
R0_Preg4_BirthWghtlbs,r0_questionnaire,,pending,BaselineMetadata.xlsx Questions sheet,Fertility and Pregnancies
R0_Preg4_BreastfeedingWks,r0_questionnaire,,pending,BaselineMetadata.xlsx Questions sheet,Fertility and Pregnancies
R0_Preg4_ChildSex,r0_questionnaire,,pending,BaselineMetadata.xlsx Questions sheet,Fertility and Pregnancies
R0_Preg4_DurationWks,r0_questionnaire,,pending,BaselineMetadata.xlsx Questions sheet,Fertility and Pregnancies
R0_Preg4_Eclampsia,r0_questionnaire,,pending,BaselineMetadata.xlsx Questions sheet,Fertility and Pregnancies
R0_Preg4_EndDay,r0_questionnaire,,pending,BaselineMetadata.xlsx Questions sheet,Fertility and Pregnancies
R0_Preg4_EndMnth,r0_questionnaire,,pending,BaselineMetadata.xlsx Questions sheet,Fertility and Pregnancies
R0_Preg4_EndYr,r0_questionnaire,,pending,BaselineMetadata.xlsx Questions sheet,Fertility and Pregnancies
R0_Preg4_MilkSuppression,r0_questionnaire,,pending,BaselineMetadata.xlsx Questions sheet,Fertility and Pregnancies
R0_Preg4_Outcome,r0_questionnaire,,pending,BaselineMetadata.xlsx Questions sheet,Fertility and Pregnancies
R0_Preg4_SevereVomiting,r0_questionnaire,,pending,BaselineMetadata.xlsx Questions sheet,Fertility and Pregnancies
R0_Preg5_BirthWghtG,r0_questionnaire,,pending,BaselineMetadata.xlsx Questions sheet,Fertility and Pregnancies
R0_Preg5_BirthWghtOzs,r0_questionnaire,,pending,BaselineMetadata.xlsx Questions sheet,Fertility and Pregnancies
R0_Preg5_BirthWghtlbs,r0_questionnaire,,pending,BaselineMetadata.xlsx Questions sheet,Fertility and Pregnancies
R0_Preg5_BreastfeedingWks,r0_questionnaire,,pending,BaselineMetadata.xlsx Questions sheet,Fertility and Pregnancies
R0_Preg5_ChildSex,r0_questionnaire,,pending,BaselineMetadata.xlsx Questions sheet,Fertility and Pregnancies
R0_Preg5_DurationWks,r0_questionnaire,,pending,BaselineMetadata.xlsx Questions sheet,Fertility and Pregnancies
R0_Preg5_Eclampsia,r0_questionnaire,,pending,BaselineMetadata.xlsx Questions sheet,Fertility and Pregnancies
R0_Preg5_EndDay,r0_questionnaire,,pending,BaselineMetadata.xlsx Questions sheet,Fertility and Pregnancies
R0_Preg5_EndMnth,r0_questionnaire,,pending,BaselineMetadata.xlsx Questions sheet,Fertility and Pregnancies
R0_Preg5_EndYr,r0_questionnaire,,pending,BaselineMetadata.xlsx Questions sheet,Fertility and Pregnancies
R0_Preg5_MilkSuppression,r0_questionnaire,,pending,BaselineMetadata.xlsx Questions sheet,Fertility and Pregnancies
R0_Preg5_Outcome,r0_questionnaire,,pending,BaselineMetadata.xlsx Questions sheet,Fertility and Pregnancies
R0_Preg5_SevereVomiting,r0_questionnaire,,pending,BaselineMetadata.xlsx Questions sheet,Fertility and Pregnancies
R0_Preg6_BirthWghtG,r0_questionnaire,,pending,BaselineMetadata.xlsx Questions sheet,Fertility and Pregnancies
R0_Preg6_BirthWghtOzs,r0_questionnaire,,pending,BaselineMetadata.xlsx Questions sheet,Fertility and Pregnancies
R0_Preg6_BirthWghtlbs,r0_questionnaire,,pending,BaselineMetadata.xlsx Questions sheet,Fertility and Pregnancies
R0_Preg6_BreastfeedingWks,r0_questionnaire,,pending,BaselineMetadata.xlsx Questions sheet,Fertility and Pregnancies
R0_Preg6_ChildSex,r0_questionnaire,,pending,BaselineMetadata.xlsx Questions sheet,Fertility and Pregnancies
R0_Preg6_DurationWks,r0_questionnaire,,pending,BaselineMetadata.xlsx Questions sheet,Fertility and Pregnancies
R0_Preg6_Eclampsia,r0_questionnaire,,pending,BaselineMetadata.xlsx Questions sheet,Fertility and Pregnancies
R0_Preg6_EndDay,r0_questionnaire,,pending,BaselineMetadata.xlsx Questions sheet,Fertility and Pregnancies
R0_Preg6_EndMnth,r0_questionnaire,,pending,BaselineMetadata.xlsx Questions sheet,Fertility and Pregnancies
R0_Preg6_EndYr,r0_questionnaire,,pending,BaselineMetadata.xlsx Questions sheet,Fertility and Pregnancies
R0_Preg6_MilkSuppression,r0_questionnaire,,pending,BaselineMetadata.xlsx Questions sheet,Fertility and Pregnancies
R0_Preg6_Outcome,r0_questionnaire,,pending,BaselineMetadata.xlsx Questions sheet,Fertility and Pregnancies
R0_Preg6_SevereVomiting,r0_questionnaire,,pending,BaselineMetadata.xlsx Questions sheet,Fertility and Pregnancies
R0_Preg7_BirthWghtG,r0_questionnaire,,pending,BaselineMetadata.xlsx Questions sheet,Fertility and Pregnancies
R0_Preg7_BirthWghtOzs,r0_questionnaire,,pending,BaselineMetadata.xlsx Questions sheet,Fertility and Pregnancies
R0_Preg7_BirthWghtlbs,r0_questionnaire,,pending,BaselineMetadata.xlsx Questions sheet,Fertility and Pregnancies
R0_Preg7_BreastfeedingWks,r0_questionnaire,,pending,BaselineMetadata.xlsx Questions sheet,Fertility and Pregnancies
R0_Preg7_ChildSex,r0_questionnaire,,pending,BaselineMetadata.xlsx Questions sheet,Fertility and Pregnancies
R0_Preg7_DurationWks,r0_questionnaire,,pending,BaselineMetadata.xlsx Questions sheet,Fertility and Pregnancies
R0_Preg7_Eclampsia,r0_questionnaire,,pending,BaselineMetadata.xlsx Questions sheet,Fertility and Pregnancies
R0_Preg7_EndDay,r0_questionnaire,,pending,BaselineMetadata.xlsx Questions sheet,Fertility and Pregnancies
R0_Preg7_EndMnth,r0_questionnaire,,pending,BaselineMetadata.xlsx Questions sheet,Fertility and Pregnancies
R0_Preg7_EndYr,r0_questionnaire,,pending,BaselineMetadata.xlsx Questions sheet,Fertility and Pregnancies
R0_Preg7_MilkSuppression,r0_questionnaire,,pending,BaselineMetadata.xlsx Questions sheet,Fertility and Pregnancies
R0_Preg7_Outcome,r0_questionnaire,,pending,BaselineMetadata.xlsx Questions sheet,Fertility and Pregnancies
R0_Preg7_SevereVomiting,r0_questionnaire,,pending,BaselineMetadata.xlsx Questions sheet,Fertility and Pregnancies
R0_Preg8_BirthWghtG,r0_questionnaire,,pending,BaselineMetadata.xlsx Questions sheet,Fertility and Pregnancies
R0_Preg8_BirthWghtOzs,r0_questionnaire,,pending,BaselineMetadata.xlsx Questions sheet,Fertility and Pregnancies
R0_Preg8_BirthWghtlbs,r0_questionnaire,,pending,BaselineMetadata.xlsx Questions sheet,Fertility and Pregnancies
R0_Preg8_BreastfeedingWks,r0_questionnaire,,pending,BaselineMetadata.xlsx Questions sheet,Fertility and Pregnancies
R0_Preg8_ChildSex,r0_questionnaire,,pending,BaselineMetadata.xlsx Questions sheet,Fertility and Pregnancies
R0_Preg8_DurationWks,r0_questionnaire,,pending,BaselineMetadata.xlsx Questions sheet,Fertility and Pregnancies
R0_Preg8_Eclampsia,r0_questionnaire,,pending,BaselineMetadata.xlsx Questions sheet,Fertility and Pregnancies
R0_Preg8_EndDay,r0_questionnaire,,pending,BaselineMetadata.xlsx Questions sheet,Fertility and Pregnancies
R0_Preg8_EndMnth,r0_questionnaire,,pending,BaselineMetadata.xlsx Questions sheet,Fertility and Pregnancies
R0_Preg8_EndYr,r0_questionnaire,,pending,BaselineMetadata.xlsx Questions sheet,Fertility and Pregnancies
R0_Preg8_MilkSuppression,r0_questionnaire,,pending,BaselineMetadata.xlsx Questions sheet,Fertility and Pregnancies
R0_Preg8_Outcome,r0_questionnaire,,pending,BaselineMetadata.xlsx Questions sheet,Fertility and Pregnancies
R0_Preg8_SevereVomiting,r0_questionnaire,,pending,BaselineMetadata.xlsx Questions sheet,Fertility and Pregnancies
R0_Preg9_BirthWghtG,r0_questionnaire,,pending,BaselineMetadata.xlsx Questions sheet,Fertility and Pregnancies
R0_Preg9_BirthWghtOzs,r0_questionnaire,,pending,BaselineMetadata.xlsx Questions sheet,Fertility and Pregnancies
R0_Preg9_BirthWghtlbs,r0_questionnaire,,pending,BaselineMetadata.xlsx Questions sheet,Fertility and Pregnancies
R0_Preg9_BreastfeedingWks,r0_questionnaire,,pending,BaselineMetadata.xlsx Questions sheet,Fertility and Pregnancies
R0_Preg9_ChildSex,r0_questionnaire,,pending,BaselineMetadata.xlsx Questions sheet,Fertility and Pregnancies
R0_Preg9_DurationWks,r0_questionnaire,,pending,BaselineMetadata.xlsx Questions sheet,Fertility and Pregnancies
R0_Preg9_Eclampsia,r0_questionnaire,,pending,BaselineMetadata.xlsx Questions sheet,Fertility and Pregnancies
R0_Preg9_EndDay,r0_questionnaire,,pending,BaselineMetadata.xlsx Questions sheet,Fertility and Pregnancies
R0_Preg9_EndMnth,r0_questionnaire,,pending,BaselineMetadata.xlsx Questions sheet,Fertility and Pregnancies
R0_Preg9_EndYr,r0_questionnaire,,pending,BaselineMetadata.xlsx Questions sheet,Fertility and Pregnancies
R0_Preg9_MilkSuppression,r0_questionnaire,,pending,BaselineMetadata.xlsx Questions sheet,Fertility and Pregnancies
R0_Preg9_Outcome,r0_questionnaire,,pending,BaselineMetadata.xlsx Questions sheet,Fertility and Pregnancies
R0_Preg9_SevereVomiting,r0_questionnaire,,pending,BaselineMetadata.xlsx Questions sheet,Fertility and Pregnancies
R0_PregComp_Details,r0_questionnaire,,pending,BaselineMetadata.xlsx Questions sheet,Birth Details
R0_PregHrmns,r0_questionnaire,,pending,BaselineMetadata.xlsx Questions sheet,Fertility and Pregnancies
R0_PregHrmnsAge,r0_questionnaire,,pending,BaselineMetadata.xlsx Questions sheet,Fertility and Pregnancies
R0_PregnanciesMoreThan6,r0_questionnaire,,pending,BaselineMetadata.xlsx Questions sheet,Fertility and Pregnancies
R0_PulseMedication,r0_questionnaire,,pending,BaselineMetadata.xlsx Questions sheet,Physical Activity
R0_PulseRate,r0_questionnaire,,pending,BaselineMetadata.xlsx Questions sheet,Physical Activity
R0_Q11_2_A_5,r0_questionnaire,,pending,BaselineMetadata.xlsx Questions sheet,"Alcohol, Smoking, and Diet"
R0_Q11_2_A_6,r0_questionnaire,,pending,BaselineMetadata.xlsx Questions sheet,"Alcohol, Smoking, and Diet"
R0_Q11_2_B_5,r0_questionnaire,,pending,BaselineMetadata.xlsx Questions sheet,"Alcohol, Smoking, and Diet"
R0_Q11_2_B_6,r0_questionnaire,,pending,BaselineMetadata.xlsx Questions sheet,"Alcohol, Smoking, and Diet"
R0_Q11_2_C_5,r0_questionnaire,,pending,BaselineMetadata.xlsx Questions sheet,"Alcohol, Smoking, and Diet"
R0_Q11_2_C_6,r0_questionnaire,,pending,BaselineMetadata.xlsx Questions sheet,"Alcohol, Smoking, and Diet"
R0_Q15,r0_questionnaire,,pending,BaselineMetadata.xlsx Questions sheet,Other
R0_Q8_16_more,r0_questionnaire,,pending,BaselineMetadata.xlsx Questions sheet,Medical history: drugs and suppliments
R0_RadJobDosimeterUse,r0_questionnaire,,pending,BaselineMetadata.xlsx Questions sheet,Jobs
R0_RadJobDutiesLineOne,r0_questionnaire,,pending,BaselineMetadata.xlsx Questions sheet,Jobs
R0_RadJobDutiesLineTwo,r0_questionnaire,,pending,BaselineMetadata.xlsx Questions sheet,Jobs
R0_RadJobEndYr1,r0_questionnaire,,pending,BaselineMetadata.xlsx Questions sheet,Jobs
R0_RadJobMore,r0_questionnaire,,pending,BaselineMetadata.xlsx Questions sheet,Jobs
R0_RadJobStartYr1,r0_questionnaire,,pending,BaselineMetadata.xlsx Questions sheet,Jobs
R0_RadJobWeeklyHrs,r0_questionnaire,,pending,BaselineMetadata.xlsx Questions sheet,Jobs
R0_RadJobWeeklyMins,r0_questionnaire,,pending,BaselineMetadata.xlsx Questions sheet,Jobs
R0_RadiotherapyEndMonth1,r0_questionnaire,,pending,BaselineMetadata.xlsx Questions sheet,Breast Cancer
R0_RadiotherapyEndMonth2,r0_questionnaire,,pending,BaselineMetadata.xlsx Questions sheet,Breast Cancer
R0_RadiotherapyEndMonth3,r0_questionnaire,,pending,BaselineMetadata.xlsx Questions sheet,Breast Cancer
R0_RadiotherapyEndYear1,r0_questionnaire,,pending,BaselineMetadata.xlsx Questions sheet,Breast Cancer
R0_RadiotherapyEndYear2,r0_questionnaire,,pending,BaselineMetadata.xlsx Questions sheet,Breast Cancer
R0_RadiotherapyEndYear3,r0_questionnaire,,pending,BaselineMetadata.xlsx Questions sheet,Breast Cancer
R0_RadiotherapyHospital1,r0_questionnaire,,pending,BaselineMetadata.xlsx Questions sheet,Breast Cancer
R0_RadiotherapyHospital2,r0_questionnaire,,pending,BaselineMetadata.xlsx Questions sheet,Breast Cancer
R0_RadiotherapyHospital3,r0_questionnaire,,pending,BaselineMetadata.xlsx Questions sheet,Breast Cancer
R0_RadiotherapyReceived1,r0_questionnaire,,pending,BaselineMetadata.xlsx Questions sheet,Breast Cancer
R0_RadiotherapyReceived2,r0_questionnaire,,pending,BaselineMetadata.xlsx Questions sheet,Breast Cancer
R0_RadiotherapyReceived3,r0_questionnaire,,pending,BaselineMetadata.xlsx Questions sheet,Breast Cancer
R0_RadiotherapyStartMonth1,r0_questionnaire,,pending,BaselineMetadata.xlsx Questions sheet,Breast Cancer
R0_RadiotherapyStartMonth2,r0_questionnaire,,pending,BaselineMetadata.xlsx Questions sheet,Breast Cancer
R0_RadiotherapyStartMonth3,r0_questionnaire,,pending,BaselineMetadata.xlsx Questions sheet,Breast Cancer
R0_RadiotherapyStartYear1,r0_questionnaire,,pending,BaselineMetadata.xlsx Questions sheet,Breast Cancer
R0_RadiotherapyStartYear2,r0_questionnaire,,pending,BaselineMetadata.xlsx Questions sheet,Breast Cancer
R0_RadiotherapyStartYear3,r0_questionnaire,,pending,BaselineMetadata.xlsx Questions sheet,Breast Cancer
R0_RadiotherapyTown1,r0_questionnaire,,pending,BaselineMetadata.xlsx Questions sheet,Breast Cancer
R0_RadiotherapyTown2,r0_questionnaire,,pending,BaselineMetadata.xlsx Questions sheet,Breast Cancer
R0_RadiotherapyTown3,r0_questionnaire,,pending,BaselineMetadata.xlsx Questions sheet,Breast Cancer
R0_RecHght1_AgeMnth,r0_questionnaire,,pending,BaselineMetadata.xlsx Questions sheet,Physical Development
R0_RecHght1_AgeYr,r0_questionnaire,,pending,BaselineMetadata.xlsx Questions sheet,Physical Development
R0_RecHght1_Cm,r0_questionnaire,,pending,BaselineMetadata.xlsx Questions sheet,Physical Development
R0_RecHght1_Day,r0_questionnaire,,pending,BaselineMetadata.xlsx Questions sheet,Physical Development
R0_RecHght1_Ft,r0_questionnaire,,pending,BaselineMetadata.xlsx Questions sheet,Physical Development
R0_RecHght1_In,r0_questionnaire,,pending,BaselineMetadata.xlsx Questions sheet,Physical Development
R0_RecHght1_Mnth,r0_questionnaire,,pending,BaselineMetadata.xlsx Questions sheet,Physical Development
R0_RecHght1_Yr,r0_questionnaire,,pending,BaselineMetadata.xlsx Questions sheet,Physical Development
R0_RecHght2_AgeMnth,r0_questionnaire,,pending,BaselineMetadata.xlsx Questions sheet,Physical Development
R0_RecHght2_AgeYr,r0_questionnaire,,pending,BaselineMetadata.xlsx Questions sheet,Physical Development
R0_RecHght2_Cm,r0_questionnaire,,pending,BaselineMetadata.xlsx Questions sheet,Physical Development
R0_RecHght2_Day,r0_questionnaire,,pending,BaselineMetadata.xlsx Questions sheet,Physical Development
R0_RecHght2_Ft,r0_questionnaire,,pending,BaselineMetadata.xlsx Questions sheet,Physical Development
R0_RecHght2_In,r0_questionnaire,,pending,BaselineMetadata.xlsx Questions sheet,Physical Development
R0_RecHght2_Mnth,r0_questionnaire,,pending,BaselineMetadata.xlsx Questions sheet,Physical Development
R0_RecHght2_Yr,r0_questionnaire,,pending,BaselineMetadata.xlsx Questions sheet,Physical Development
R0_RecHght3_AgeMnth,r0_questionnaire,,pending,BaselineMetadata.xlsx Questions sheet,Physical Development
R0_RecHght3_AgeYr,r0_questionnaire,,pending,BaselineMetadata.xlsx Questions sheet,Physical Development
R0_RecHght3_Cm,r0_questionnaire,,pending,BaselineMetadata.xlsx Questions sheet,Physical Development
R0_RecHght3_Day,r0_questionnaire,,pending,BaselineMetadata.xlsx Questions sheet,Physical Development
R0_RecHght3_Ft,r0_questionnaire,,pending,BaselineMetadata.xlsx Questions sheet,Physical Development
R0_RecHght3_In,r0_questionnaire,,pending,BaselineMetadata.xlsx Questions sheet,Physical Development
R0_RecHght3_Mnth,r0_questionnaire,,pending,BaselineMetadata.xlsx Questions sheet,Physical Development
R0_RecHght3_Yr,r0_questionnaire,,pending,BaselineMetadata.xlsx Questions sheet,Physical Development
R0_RecHght_Institution,r0_questionnaire,,pending,BaselineMetadata.xlsx Questions sheet,Physical Development
R0_RegularCyclesStartAge,r0_questionnaire,,pending,BaselineMetadata.xlsx Questions sheet,Menstrual and Menopause
R0_RoomDarkness,r0_questionnaire,,pending,BaselineMetadata.xlsx Questions sheet,Other Lifestyle Factors
R0_RoomDarknessAge20,r0_questionnaire,,pending,BaselineMetadata.xlsx Questions sheet,Other Lifestyle Factors
R0_SiblingCancerHistory,r0_questionnaire,,pending,BaselineMetadata.xlsx Questions sheet,Relatives
R0_SiblingCancerType,r0_questionnaire,,pending,BaselineMetadata.xlsx Questions sheet,Cancer in family
R0_SiblingCancerYear,r0_questionnaire,,pending,BaselineMetadata.xlsx Questions sheet,Cancer in family
R0_SiblingCancerYearUnknown,r0_questionnaire,,pending,BaselineMetadata.xlsx Questions sheet,Cancer in family
R0_SiblingDOB_Day,r0_questionnaire,,pending,BaselineMetadata.xlsx Questions sheet,Relatives
R0_SiblingDOB_Month,r0_questionnaire,,pending,BaselineMetadata.xlsx Questions sheet,Relatives
R0_SiblingDOB_Unknown,r0_questionnaire,,pending,BaselineMetadata.xlsx Questions sheet,Relatives
R0_SiblingDOB_Year,r0_questionnaire,,pending,BaselineMetadata.xlsx Questions sheet,Relatives
R0_SiblingParentShared,r0_questionnaire,,pending,BaselineMetadata.xlsx Questions sheet,Relatives
R0_SiblingRelation,r0_questionnaire,,pending,BaselineMetadata.xlsx Questions sheet,Relatives
R0_SiblingsTotal,r0_questionnaire,,pending,BaselineMetadata.xlsx Questions sheet,Relatives
R0_SiblingsUnknown,r0_questionnaire,,pending,BaselineMetadata.xlsx Questions sheet,Relatives
R0_SingleSideDentalXray,r0_questionnaire,,pending,BaselineMetadata.xlsx Questions sheet,X-rays
R0_Single_Twin,r0_questionnaire,,pending,BaselineMetadata.xlsx Questions sheet,Birth Details
R0_SleepDurationHours,r0_questionnaire,,pending,BaselineMetadata.xlsx Questions sheet,Other Lifestyle Factors
R0_SleepDurationMinutes,r0_questionnaire,,pending,BaselineMetadata.xlsx Questions sheet,Other Lifestyle Factors
R0_SleepTimeAMPM,r0_questionnaire,,pending,BaselineMetadata.xlsx Questions sheet,Other Lifestyle Factors
R0_SleepTimeWeekdayHour,r0_questionnaire,,pending,BaselineMetadata.xlsx Questions sheet,Other Lifestyle Factors
R0_SleepTimeWeekdayMinute,r0_questionnaire,,pending,BaselineMetadata.xlsx Questions sheet,Other Lifestyle Factors
R0_SmokingCurrentUse,r0_questionnaire,,pending,BaselineMetadata.xlsx Questions sheet,"Alcohol, Smoking, and Diet"
R0_SmokingDuringPregnancy,r0_questionnaire,,pending,BaselineMetadata.xlsx Questions sheet,"Alcohol, Smoking, and Diet"
R0_SmokingInhale,r0_questionnaire,,pending,BaselineMetadata.xlsx Questions sheet,"Alcohol, Smoking, and Diet"
R0_SmokingRegularUse,r0_questionnaire,,pending,BaselineMetadata.xlsx Questions sheet,"Alcohol, Smoking, and Diet"
R0_SmokingRestartUse,r0_questionnaire,,pending,BaselineMetadata.xlsx Questions sheet,"Alcohol, Smoking, and Diet"
R0_SmokingStartAge,r0_questionnaire,,pending,BaselineMetadata.xlsx Questions sheet,"Alcohol, Smoking, and Diet"
R0_SmokingStopAge,r0_questionnaire,,pending,BaselineMetadata.xlsx Questions sheet,"Alcohol, Smoking, and Diet"
R0_SoyaConsumption,r0_questionnaire,,pending,BaselineMetadata.xlsx Questions sheet,"Alcohol, Smoking, and Diet"
R0_SoyaDaysRecentWeek,r0_questionnaire,,pending,BaselineMetadata.xlsx Questions sheet,"Alcohol, Smoking, and Diet"
R0_SoyaLastAge,r0_questionnaire,,pending,BaselineMetadata.xlsx Questions sheet,"Alcohol, Smoking, and Diet"
R0_SoyaNever,r0_questionnaire,,pending,BaselineMetadata.xlsx Questions sheet,"Alcohol, Smoking, and Diet"
R0_SpineClavicleNeckXray,r0_questionnaire,,pending,BaselineMetadata.xlsx Questions sheet,X-rays
R0_SportsSweatDays,r0_questionnaire,,pending,BaselineMetadata.xlsx Questions sheet,Physical Activity
R0_SportsSweatHours,r0_questionnaire,,pending,BaselineMetadata.xlsx Questions sheet,Physical Activity
R0_SportsSweatMinutes,r0_questionnaire,,pending,BaselineMetadata.xlsx Questions sheet,Physical Activity
R0_StatinUse,r0_questionnaire,,pending,BaselineMetadata.xlsx Questions sheet,Medical history: drugs and suppliments
R0_StrenuousExerciseDays,r0_questionnaire,,pending,BaselineMetadata.xlsx Questions sheet,Physical Activity
R0_StrenuousExerciseHours,r0_questionnaire,,pending,BaselineMetadata.xlsx Questions sheet,Physical Activity
R0_StrenuousExerciseMinutes,r0_questionnaire,,pending,BaselineMetadata.xlsx Questions sheet,Physical Activity
R0_StressEventDeathPartner,r0_questionnaire,,pending,BaselineMetadata.xlsx Questions sheet,Other Lifestyle Factors
R0_SurgeryOtherSpecify1,r0_questionnaire,,pending,BaselineMetadata.xlsx Questions sheet,Breast Cancer
R0_SurgeryOtherSpecify2,r0_questionnaire,,pending,BaselineMetadata.xlsx Questions sheet,Breast Cancer
R0_SurgeryOtherSpecify3,r0_questionnaire,,pending,BaselineMetadata.xlsx Questions sheet,Breast Cancer
R0_SurgeryType1,r0_questionnaire,,pending,BaselineMetadata.xlsx Questions sheet,Breast Cancer
R0_SurgeryType2,r0_questionnaire,,pending,BaselineMetadata.xlsx Questions sheet,Breast Cancer
R0_SurgeryType3,r0_questionnaire,,pending,BaselineMetadata.xlsx Questions sheet,Breast Cancer
R0_Surname,r0_questionnaire,general_information,converted,BaselineMetadata.xlsx Questions sheet,General Information
R0_TempStop1,r0_questionnaire,,pending,BaselineMetadata.xlsx Questions sheet,Menstrual and Menopause
R0_TempStop2,r0_questionnaire,,pending,BaselineMetadata.xlsx Questions sheet,Menstrual and Menopause
R0_TempStop3,r0_questionnaire,,pending,BaselineMetadata.xlsx Questions sheet,Menstrual and Menopause
R0_TempStop4,r0_questionnaire,,pending,BaselineMetadata.xlsx Questions sheet,Menstrual and Menopause
R0_TempStopAge1,r0_questionnaire,,pending,BaselineMetadata.xlsx Questions sheet,Menstrual and Menopause
R0_TempStopAge2,r0_questionnaire,,pending,BaselineMetadata.xlsx Questions sheet,Menstrual and Menopause
R0_TempStopAge3,r0_questionnaire,,pending,BaselineMetadata.xlsx Questions sheet,Menstrual and Menopause
R0_TempStopAge4,r0_questionnaire,,pending,BaselineMetadata.xlsx Questions sheet,Menstrual and Menopause
R0_TempStopFromMth2,r0_questionnaire,,pending,BaselineMetadata.xlsx Questions sheet,Menstrual and Menopause
R0_TempStopFromMth3,r0_questionnaire,,pending,BaselineMetadata.xlsx Questions sheet,Menstrual and Menopause
R0_TempStopFromMth4,r0_questionnaire,,pending,BaselineMetadata.xlsx Questions sheet,Menstrual and Menopause
R0_TempStopFromYr2,r0_questionnaire,,pending,BaselineMetadata.xlsx Questions sheet,Menstrual and Menopause
R0_TempStopFromYr3,r0_questionnaire,,pending,BaselineMetadata.xlsx Questions sheet,Menstrual and Menopause
R0_TempStopFromYr4,r0_questionnaire,,pending,BaselineMetadata.xlsx Questions sheet,Menstrual and Menopause
R0_TempStopMoreThan,r0_questionnaire,,pending,BaselineMetadata.xlsx Questions sheet,Menstrual and Menopause
R0_TempStopMoreThreeMnths,r0_questionnaire,,pending,BaselineMetadata.xlsx Questions sheet,Menstrual and Menopause
R0_TempStopMths1,r0_questionnaire,,pending,BaselineMetadata.xlsx Questions sheet,Menstrual and Menopause
R0_TempStopMths2,r0_questionnaire,,pending,BaselineMetadata.xlsx Questions sheet,Menstrual and Menopause
R0_TempStopMths3,r0_questionnaire,,pending,BaselineMetadata.xlsx Questions sheet,Menstrual and Menopause
R0_TempStopMths4,r0_questionnaire,,pending,BaselineMetadata.xlsx Questions sheet,Menstrual and Menopause
R0_TempStopReason1,r0_questionnaire,,pending,BaselineMetadata.xlsx Questions sheet,Menstrual and Menopause
R0_TempStopReason2,r0_questionnaire,,pending,BaselineMetadata.xlsx Questions sheet,Menstrual and Menopause
R0_TempStopReason3,r0_questionnaire,,pending,BaselineMetadata.xlsx Questions sheet,Menstrual and Menopause
R0_TempStopReason4,r0_questionnaire,,pending,BaselineMetadata.xlsx Questions sheet,Menstrual and Menopause
R0_TempStopToAge2,r0_questionnaire,,pending,BaselineMetadata.xlsx Questions sheet,Menstrual and Menopause
R0_TempStopToAge3,r0_questionnaire,,pending,BaselineMetadata.xlsx Questions sheet,Menstrual and Menopause
R0_TempStopToAge4,r0_questionnaire,,pending,BaselineMetadata.xlsx Questions sheet,Menstrual and Menopause
R0_TempStopToMth2,r0_questionnaire,,pending,BaselineMetadata.xlsx Questions sheet,Menstrual and Menopause
R0_TempStopToMth3,r0_questionnaire,,pending,BaselineMetadata.xlsx Questions sheet,Menstrual and Menopause
R0_TempStopToYr2,r0_questionnaire,,pending,BaselineMetadata.xlsx Questions sheet,Menstrual and Menopause
R0_TempStopToYr3,r0_questionnaire,,pending,BaselineMetadata.xlsx Questions sheet,Menstrual and Menopause
R0_TempStopToYr4,r0_questionnaire,,pending,BaselineMetadata.xlsx Questions sheet,Menstrual and Menopause
R0_TempStopYrs1,r0_questionnaire,,pending,BaselineMetadata.xlsx Questions sheet,Menstrual and Menopause
R0_TempStopYrs2,r0_questionnaire,,pending,BaselineMetadata.xlsx Questions sheet,Menstrual and Menopause
R0_TempStopYrs3,r0_questionnaire,,pending,BaselineMetadata.xlsx Questions sheet,Menstrual and Menopause
R0_TempStopYrs4,r0_questionnaire,,pending,BaselineMetadata.xlsx Questions sheet,Menstrual and Menopause
R0_TempStoptoMth4,r0_questionnaire,,pending,BaselineMetadata.xlsx Questions sheet,Menstrual and Menopause
R0_ThyroidDisease,r0_questionnaire,,pending,BaselineMetadata.xlsx Questions sheet,Medical history: illnesses
R0_ThyroidDiseaseOther,r0_questionnaire,,pending,BaselineMetadata.xlsx Questions sheet,Medical history: illnesses
R0_ThyroidDiseaseType,r0_questionnaire,,pending,BaselineMetadata.xlsx Questions sheet,Medical history: illnesses
R0_ThyroidDisease_Med,r0_questionnaire,,pending,BaselineMetadata.xlsx Questions sheet,Medical history: illnesses
R0_ThyroidTreatment_Age,r0_questionnaire,,pending,BaselineMetadata.xlsx Questions sheet,Medical history: illnesses
R0_ThyroidTreatment_Mnths,r0_questionnaire,,pending,BaselineMetadata.xlsx Questions sheet,Medical history: illnesses
R0_ThyroidTreatment_MoreTwo,r0_questionnaire,,pending,BaselineMetadata.xlsx Questions sheet,Medical history: illnesses
R0_ThyroidTreatment_Still,r0_questionnaire,,pending,BaselineMetadata.xlsx Questions sheet,Medical history: illnesses
R0_ThyroidTreatment_Yrs,r0_questionnaire,,pending,BaselineMetadata.xlsx Questions sheet,Medical history: illnesses
R0_TotalPregnancies,r0_questionnaire,,pending,BaselineMetadata.xlsx Questions sheet,Fertility and Pregnancies
R0_TownRegBorn,r0_questionnaire,,pending,BaselineMetadata.xlsx Questions sheet,Birth Details
R0_TransAtlanticFlightsMonthly,r0_questionnaire,,pending,BaselineMetadata.xlsx Questions sheet,Other Lifestyle Factors
R0_TransPacificFlightsMonthly,r0_questionnaire,,pending,BaselineMetadata.xlsx Questions sheet,Other Lifestyle Factors
R0_TreatedWithInsulin,r0_questionnaire,,pending,BaselineMetadata.xlsx Questions sheet,Medical history: illnesses
R0_TwinFemale,r0_questionnaire,,pending,BaselineMetadata.xlsx Questions sheet,Birth Details
R0_TwinMist_CasFrnds,r0_questionnaire,,pending,BaselineMetadata.xlsx Questions sheet,Birth Details
R0_TwinMist_ClseFrnds,r0_questionnaire,,pending,BaselineMetadata.xlsx Questions sheet,Birth Details
R0_TwinMist_Clssmts,r0_questionnaire,,pending,BaselineMetadata.xlsx Questions sheet,Birth Details
R0_TwinMist_Parents,r0_questionnaire,,pending,BaselineMetadata.xlsx Questions sheet,Birth Details
R0_TwinMist_Siblings,r0_questionnaire,,pending,BaselineMetadata.xlsx Questions sheet,Birth Details
R0_TwinSimilarity,r0_questionnaire,,pending,BaselineMetadata.xlsx Questions sheet,Birth Details
R0_TwinType,r0_questionnaire,,pending,BaselineMetadata.xlsx Questions sheet,Birth Details
R0_TwinType_AppDif,r0_questionnaire,,pending,BaselineMetadata.xlsx Questions sheet,Birth Details
R0_TwinType_AppSim,r0_questionnaire,,pending,BaselineMetadata.xlsx Questions sheet,Birth Details
R0_TwinType_Blood,r0_questionnaire,,pending,BaselineMetadata.xlsx Questions sheet,Birth Details
R0_TwinType_Doctor,r0_questionnaire,,pending,BaselineMetadata.xlsx Questions sheet,Birth Details
R0_TwinType_Other,r0_questionnaire,,pending,BaselineMetadata.xlsx Questions sheet,Birth Details
R0_TwinType_Parents,r0_questionnaire,,pending,BaselineMetadata.xlsx Questions sheet,Birth Details
R0_UterineFibroids,r0_questionnaire,,pending,BaselineMetadata.xlsx Questions sheet,Menstrual and Menopause
R0_VitaminDDurationYrs,r0_questionnaire,,pending,BaselineMetadata.xlsx Questions sheet,Medical history: drugs and suppliments
R0_VitaminDSuppUse,r0_questionnaire,,pending,BaselineMetadata.xlsx Questions sheet,Medical history: drugs and suppliments
R0_VitaminSuppCodLiverOil,r0_questionnaire,,pending,BaselineMetadata.xlsx Questions sheet,Medical history: drugs and suppliments
R0_VitaminSuppMultivitamin,r0_questionnaire,,pending,BaselineMetadata.xlsx Questions sheet,Medical history: drugs and suppliments
R0_VitaminSuppOther,r0_questionnaire,,pending,BaselineMetadata.xlsx Questions sheet,Medical history: drugs and suppliments
R0_VitaminSuppRecentUse,r0_questionnaire,,pending,BaselineMetadata.xlsx Questions sheet,Medical history: drugs and suppliments
R0_VitaminTextSuppOther,r0_questionnaire,,pending,BaselineMetadata.xlsx Questions sheet,Medical history: drugs and suppliments
R0_WaistCircum_Cm,r0_questionnaire,,pending,BaselineMetadata.xlsx Questions sheet,Physical Development
R0_WaistCircum_In,r0_questionnaire,,pending,BaselineMetadata.xlsx Questions sheet,Physical Development
R0_WaistCircum_When,r0_questionnaire,,pending,BaselineMetadata.xlsx Questions sheet,Physical Development
R0_WakeTimeAMPM,r0_questionnaire,,pending,BaselineMetadata.xlsx Questions sheet,Other Lifestyle Factors
R0_WakeTimeHour,r0_questionnaire,,pending,BaselineMetadata.xlsx Questions sheet,Other Lifestyle Factors
R0_WakeTimeMinute,r0_questionnaire,,pending,BaselineMetadata.xlsx Questions sheet,Other Lifestyle Factors
R0_WalkingDays,r0_questionnaire,,pending,BaselineMetadata.xlsx Questions sheet,Physical Activity
R0_WalkingHours,r0_questionnaire,,pending,BaselineMetadata.xlsx Questions sheet,Physical Activity
R0_WalkingMinutes,r0_questionnaire,,pending,BaselineMetadata.xlsx Questions sheet,Physical Activity
R0_WghtAge20_Kg,r0_questionnaire,,pending,BaselineMetadata.xlsx Questions sheet,Physical Development
R0_WghtAge20_Lbs,r0_questionnaire,,pending,BaselineMetadata.xlsx Questions sheet,Physical Development
R0_WghtAge20_St,r0_questionnaire,,pending,BaselineMetadata.xlsx Questions sheet,Physical Development
R0_WghtAge40_Kg,r0_questionnaire,,pending,BaselineMetadata.xlsx Questions sheet,Physical Development
R0_WghtAge40_Lbs,r0_questionnaire,,pending,BaselineMetadata.xlsx Questions sheet,Physical Development
R0_WghtAge40_St,r0_questionnaire,,pending,BaselineMetadata.xlsx Questions sheet,Physical Development
R0_WghtAge60_Kg,r0_questionnaire,,pending,BaselineMetadata.xlsx Questions sheet,Physical Development
R0_WghtAge60_Lbs,r0_questionnaire,,pending,BaselineMetadata.xlsx Questions sheet,Physical Development
R0_WghtAge60_St,r0_questionnaire,,pending,BaselineMetadata.xlsx Questions sheet,Physical Development
R0_WghtComp_11,r0_questionnaire,,pending,BaselineMetadata.xlsx Questions sheet,Physical Development
R0_WghtComp_7,r0_questionnaire,,pending,BaselineMetadata.xlsx Questions sheet,Physical Development
R0_WorkSweatDays,r0_questionnaire,,pending,BaselineMetadata.xlsx Questions sheet,Physical Activity
R0_WorkSweatHours,r0_questionnaire,,pending,BaselineMetadata.xlsx Questions sheet,Physical Activity
R0_WorkSweatMinutes,r0_questionnaire,,pending,BaselineMetadata.xlsx Questions sheet,Physical Activity
R0_XrayAge,r0_questionnaire,,pending,BaselineMetadata.xlsx Questions sheet,X-rays
R0_XrayFromAge,r0_questionnaire,,pending,BaselineMetadata.xlsx Questions sheet,X-rays
R0_XrayFromMth,r0_questionnaire,,pending,BaselineMetadata.xlsx Questions sheet,X-rays
R0_XrayFromYr,r0_questionnaire,,pending,BaselineMetadata.xlsx Questions sheet,X-rays
R0_XrayHospital,r0_questionnaire,,pending,BaselineMetadata.xlsx Questions sheet,X-rays
R0_XrayMonth,r0_questionnaire,,pending,BaselineMetadata.xlsx Questions sheet,X-rays
R0_XrayMoreEvents,r0_questionnaire,,pending,BaselineMetadata.xlsx Questions sheet,X-rays
R0_XrayMoreThanTwelve,r0_questionnaire,,pending,BaselineMetadata.xlsx Questions sheet,X-rays
R0_XrayReason,r0_questionnaire,,pending,BaselineMetadata.xlsx Questions sheet,X-rays
R0_XrayToAge,r0_questionnaire,,pending,BaselineMetadata.xlsx Questions sheet,X-rays
R0_XrayToMth,r0_questionnaire,,pending,BaselineMetadata.xlsx Questions sheet,X-rays
R0_XrayToYr,r0_questionnaire,,pending,BaselineMetadata.xlsx Questions sheet,X-rays
R0_XrayTown,r0_questionnaire,,pending,BaselineMetadata.xlsx Questions sheet,X-rays
R0_XrayType,r0_questionnaire,,pending,BaselineMetadata.xlsx Questions sheet,X-rays
R0_XrayYear,r0_questionnaire,,pending,BaselineMetadata.xlsx Questions sheet,X-rays
R0_morethan5Ibuprofen,r0_questionnaire,,pending,BaselineMetadata.xlsx Questions sheet,Medical history: drugs and suppliments
R0_type3Aspirin,r0_questionnaire,,pending,BaselineMetadata.xlsx Questions sheet,Medical history: drugs and suppliments
R0_type3Ibuprofen,r0_questionnaire,,pending,BaselineMetadata.xlsx Questions sheet,Medical history: drugs and suppliments
R0_type4Aspirin,r0_questionnaire,,pending,BaselineMetadata.xlsx Questions sheet,Medical history: drugs and suppliments
R0_type4Ibuprofen,r0_questionnaire,,pending,BaselineMetadata.xlsx Questions sheet,Medical history: drugs and suppliments
R0_type5Aspirin,r0_questionnaire,,pending,BaselineMetadata.xlsx Questions sheet,Medical history: drugs and suppliments
R0_type5Ibuprofen,r0_questionnaire,,pending,BaselineMetadata.xlsx Questions sheet,Medical history: drugs and suppliments
